id,movie_id,character_name,actor_name,scene_description,theme_day,occasion_type,difficulty_level,colors,fabrics,accessories,styling_tips,image_url
COS001,MOV005,Samuel,Soubin Shahir,Soccer player casual tracksuit look,Sports Monday,Athletic,Easy,"Blue,White","Cotton,Polyester","Sneakers,Cap",Perfect for gym and sports activities,https://m.media-amazon.com/images/M/MV5BYzE4MTBiMzYtNjI1NS00MzQ5LTllNzEtNDk0ZGJmMzQ2ZTBjXkEyXkFqcGdeQXVyMjkxNzQ1NDI@._V1_.jpg
COS002,MOV005,Majeed,Samuel Abiola Robinson,Nigerian footballer's training attire,Sports Monday,Athletic,Easy,"Green,White",Jersey fabric,"Football boots,Wristbands",Comfortable sportswear for active days,https://m.media-amazon.com/images/M/MV5BYzE4MTBiMzYtNjI1NS00MzQ5LTllNzEtNDk0ZGJmMzQ2ZTBjXkEyXkFqcGdeQXVyMjkxNzQ1NDI@._V1_.jpg
COS003,MOV002,Malar,Sai Pallavi,College student simple cotton dress,Movie Thursday,Casual,Easy,"Light Blue,White",Cotton,"Canvas bag,Simple sandals",Comfortable everyday college wear,https://m.media-amazon.com/images/M/MV5BODg3MzYwMDUtYzQwZS00ZjhmLWJhYjMtNGM2OTNjOWJhNmJhXkEyXkFqcGdeQXVyMjkxNzQ1NDI@._V1_.jpg
COS004,MOV001,Divya,Nazriya Nazim,Wedding guest modern saree look,Wedding Tuesday,Wedding Guest,Medium,"Pink,Gold","Silk,Chiffon","Gold jewelry,Clutch",Choose light colors for day weddings,https://m.media-amazon.com/images/M/MV5BMjI3MzcxNzQ5Ml5BMl5BanBnXkFtZTgwMzE1NzE1NTE@._V1_.jpg
COS005,MOV002,Mary,Anupama Parameswaran,Traditional Kerala wedding saree,Wedding Tuesday,Wedding,Hard,"Red,Gold",Silk,Heavy gold jewelry,Classic Kerala bridal styling,https://m.media-amazon.com/images/M/MV5BODg3MzYwMDUtYzQwZS00ZjhmLWJhYjMtNGM2OTNjOWJhNmJhXkEyXkFqcGdeQXVyMjkxNzQ1NDI@._V1_.jpg
COS006,MOV001,Kuttan,Dulquer Salmaan,Groom's family formal wear,Wedding Tuesday,Wedding,Medium,"Cream,Brown","Cotton,Silk","Watch,Leather shoes",Smart formal for wedding functions,https://m.media-amazon.com/images/M/MV5BMjI3MzcxNzQ5Ml5BMl5BanBnXkFtZTgwMzE1NzE1NTE@._V1_.jpg
COS007,MOV006,Dr. Annu,Parvathy Thiruvothu,Doctor's professional scrubs,Formal Wednesday,Professional,Easy,"Light Blue,White",Cotton blend,"Stethoscope,ID badge",Medical professional attire,https://m.media-amazon.com/images/M/MV5BN2E2NDAzODEtYmI2YS00NTY4LWI4YTYtNWJmMjFjN2E1YmVjXkEyXkFqcGdeQXVyMjkxNzQ1NDI@._V1_.jpg
COS008,MOV004,Helen,Anna Ben,Restaurant server uniform,Formal Wednesday,Work Uniform,Medium,"Black,White",Cotton blend,"Apron,Non-slip shoes",Professional service industry look,https://m.media-amazon.com/images/M/MV5BZjVkZGVmOTItMWZhMC00NTY0LTllZjYtOWRiMzdhNjRhZGM4XkEyXkFqcGdeQXVyODE5NzE3OTE@._V1_.jpg
COS009,MOV006,Rajeev,Tovino Thomas,Epidemic response formal wear,Formal Wednesday,Official,Hard,"Navy Blue,White","Cotton,Polyester","Badge,File folder",Government official styling,https://m.media-amazon.com/images/M/MV5BN2E2NDAzODEtYmI2YS00NTY4LWI4YTYtNWJmMjFjN2E1YmVjXkEyXkFqcGdeQXVyMjkxNzQ1NDI@._V1_.jpg
COS010,MOV007,Gopalan,Jayaram,90s comedy character colorful look,Movie Thursday,Comedy,Easy,Bright Multi,Cotton,Vintage accessories,Bold patterns and colors were trendy,https://m.media-amazon.com/images/M/MV5BMjExMzQ4NjM5NV5BMl5BanBnXkFtZTgwNjQyNTY3MzE@._V1_.jpg
COS011,MOV004,Helen,Anna Ben,Stylish urban night-out look,Movie Thursday,Party,Medium,"Black,Silver","Denim,Cotton",Statement jewelry,Contemporary urban fashion,https://m.media-amazon.com/images/M/MV5BZjVkZGVmOTItMWZhMC00NTY0LTllZjYtOWRiMzdhNjRhZGM4XkEyXkFqcGdeQXVyODE5NzE3OTE@._V1_.jpg
COS012,MOV001,Arjun,Dulquer Salmaan,Casual sporty youth fashion,Sports Monday,Athletic Casual,Easy,"Blue,White","Cotton,Denim","Sneakers,Watch",Modern young athletic casual style,https://m.media-amazon.com/images/M/MV5BMjI3MzcxNzQ5Ml5BMl5BanBnXkFtZTgwMzE1NzE1NTE@._V1_.jpg
COS013,MOV003,Sethu,Mohanlal,1980s police uniform,Retro Friday,Uniform,Hard,"Khaki,Brown","Cotton,Polyester","Belt,Badge,Cap",Crisp lines and proper fit essential,https://m.media-amazon.com/images/M/MV5BODgyODgzNjMtYWNmOC00OTcyLWE3ODYtMTA3NzE1YTBmODE2XkEyXkFqcGdeQXVyMjkxNzQ1NDI@._V1_.jpg
COS014,MOV008,Ganga,Shobana,Traditional 90s Kerala attire,Retro Friday,Traditional,Medium,"White,Gold","Cotton,Silk",Traditional jewelry,Classic Kerala traditional wear,https://m.media-amazon.com/images/M/MV5BMTc2MTU3MDgyOF5BMl5BanBnXkFtZTgwNjg1NzY3MzE@._V1_.jpg
COS015,MOV007,Ammu,Divya Unni,90s vintage casual dress,Retro Friday,90s Casual,Easy,Floral Print,Cotton,Simple earrings,Vintage casual styling from 90s,https://m.media-amazon.com/images/M/MV5BMjExMzQ4NjM5NV5BMl5BanBnXkFtZTgwNjQyNTY3MzE@._V1_.jpg
COS016,MOV009,Faizi,Dulquer Salmaan,Chef's creative casual restaurant wear,Movie Thursday,Casual,Easy,"White,Blue",Cotton,"Apron,Bandana",Comfortable chef-inspired casual look,https://m.media-amazon.com/images/M/MV5BMzAwNDQwMTk3N15BMl5BanBnXkFtZTgwMDc0MzM2MzE@._V1_.jpg
COS017,MOV010,Tessa,Parvathy Thiruvothu,Bohemian artistic travel outfit,Movie Thursday,Casual,Medium,Earth tones,"Cotton,Linen","Canvas bag,Scarf",Free-spirited adventure styling,https://m.media-amazon.com/images/M/MV5BMTg3NjI3MDY4N15BMl5BanBnXkFtZTgwNDU1MzY3MzE@._V1_.jpg
COS018,MOV015,Arjun,Jayasurya,Cricket team captain uniform,Sports Monday,Athletic,Medium,"Blue,White",Polyester blend,"Cricket pads,Helmet",Professional cricket attire,https://m.media-amazon.com/images/M/MV5BNzBkNGM4NDItNzY5YS00OTIzLWE4MzUtODZlNzBjNmJmMzMxXkEyXkFqcGdeQXVyMjkxNzQ1NDI@._V1_.jpg
COS019,MOV016,Rijin,Tovino Thomas,Basketball player athletic wear,Sports Monday,Athletic,Easy,"Red,White",Mesh fabric,"Basketball shoes,Sweatbands",Court-ready basketball styling,https://m.media-amazon.com/images/M/MV5BNjI2NTMzMjQtYTc2YS00ZjE3LWE3OTAtYzg5YzE3N2Y4M2Y4XkEyXkFqcGdeQXVyMjkxNzQ1NDI@._V1_.jpg
COS020,MOV020,Shaji Pappan,Jayasurya,Adventure outdoor casual wear,Sports Monday,Outdoor,Medium,"Khaki,Green","Cotton,Canvas","Backpack,Trekking shoes",Rugged outdoor adventure look,https://m.media-amazon.com/images/M/MV5BZTcxNTAzODUtNGUyZS00MGNlLWE2YWUtMzE1MzE0YjU1MzBjXkEyXkFqcGdeQXVyMjkxNzQ1NDI@._V1_.jpg
COS021,MOV011,Sarah,Rima Kallingal,Bridal shower modern outfit,Wedding Tuesday,Bridal Event,Medium,Pastel Pink,"Chiffon,Silk","Delicate jewelry,Clutch",Contemporary pre-wedding styling,https://m.media-amazon.com/images/M/MV5BZmI3NjIzNDMtNzhjZS00NWZmLWFjNDYtN2I3N2U4OGYzOGZlXkEyXkFqcGdeQXVyMjkxNzQ1NDI@._V1_.jpg
COS022,MOV019,Jacob,Nivin Pauly,Wedding ceremony formal suit,Wedding Tuesday,Wedding,Hard,"Navy Blue,White","Wool,Cotton","Tie,Cufflinks,Watch",Sharp formal wedding guest attire,https://m.media-amazon.com/images/M/MV5BMTc2NjQ4ODM5NF5BMl5BanBnXkFtZTgwNzQ1MjM3MzE@._V1_.jpg
COS023,MOV009,Shahid,Thilakan,Traditional wedding elder wear,Wedding Tuesday,Traditional,Medium,"Cream,Gold","Cotton,Silk",Traditional watch,Respectful elder's wedding attire,https://m.media-amazon.com/images/M/MV5BMzAwNDQwMTk3N15BMl5BanBnXkFtZTgwMDc0MzM2MzE@._V1_.jpg
COS024,MOV010,Charlie,Dulquer Salmaan,Casual wedding function outfit,Wedding Tuesday,Casual Wedding,Easy,"Light Blue,White","Cotton,Linen","Casual shoes,Watch",Relaxed wedding function styling,https://m.media-amazon.com/images/M/MV5BMTg3NjI3MDY4N15BMl5BanBnXkFtZTgwNDU1MzY3MzE@._V1_.jpg
COS025,MOV012,Sameera,Parvathy Thiruvothu,Professional nurse uniform,Formal Wednesday,Healthcare,Easy,"White,Blue",Cotton blend,"ID badge,Comfortable shoes",Clean professional medical attire,https://m.media-amazon.com/images/M/MV5BOGNlNTFhYjMtZTc3OS00ZjZjLWFjMjQtMDA2ZGRkZjZjOWY2XkEyXkFqcGdeQXVyMjkxNzQ1NDI@._V1_.jpg
COS026,MOV013,David Ninan,Mammootty,Corporate executive suit,Formal Wednesday,Business,Hard,Charcoal Grey,"Wool,Cotton","Luxury watch,Leather briefcase",High-powered business executive look,https://m.media-amazon.com/images/M/MV5BNDg3NjIxNzM2N15BMl5BanBnXkFtZTgwMzE1NzM2MzE@._V1_.jpg
COS027,MOV014,Stephen Nedumpally,Mohanlal,Political leader formal wear,Formal Wednesday,Political,Hard,"White,Cream","Cotton,Linen","Gold watch,Leather shoes",Authoritative political styling,https://m.media-amazon.com/images/M/MV5BNTUyNWJmYTMtOTgyYy00NGEzLWJlMzEtODdiY2I3YmQzN2NhXkEyXkFqcGdeQXVyMjkxNzQ1NDI@._V1_.jpg
COS028,MOV012,Fahadh,Fahadh Faasil,Diplomatic formal attire,Formal Wednesday,Diplomatic,Hard,"Dark Blue,White","Wool,Cotton",Formal accessories,International diplomatic styling,https://m.media-amazon.com/images/M/MV5BOGNlNTFhYjMtZTc3OS00ZjZjLWFjMjQtMDA2ZGRkZjZjOWY2XkEyXkFqcGdeQXVyMjkxNzQ1NDI@._V1_.jpg
COS029,MOV006,Dr. Annu,Parvathy Thiruvothu,Medical conference formal wear,Formal Wednesday,Conference,Medium,"Navy Blue,White",Cotton blend,Professional accessories,Medical professional conference look,https://m.media-amazon.com/images/M/MV5BN2E2NDAzODEtYmI2YS00NTY4LWI4YTYtNWJmMjFjN2E1YmVjXkEyXkFqcGdeQXVyMjkxNzQ1NDI@._V1_.jpg
COS030,MOV009,Faizi,Dulquer Salmaan,Creative chef's signature look,Movie Thursday,Creative,Medium,"Black,White","Cotton,Denim","Chef's hat,Apron",Artistic culinary professional style,https://m.media-amazon.com/images/M/MV5BMzAwNDQwMTk3N15BMl5BanBnXkFtZTgwMDc0MzM2MzE@._V1_.jpg
COS031,MOV010,Tessa,Parvathy Thiruvothu,Artistic filmmaker outfit,Movie Thursday,Creative,Medium,"Black,Grey","Cotton,Leather","Camera accessories,Scarf",Creative professional styling,https://m.media-amazon.com/images/M/MV5BMTg3NjI3MDY4N15BMl5BanBnXkFtZTgwNDU1MzY3MzE@._V1_.jpg
COS032,MOV011,Sarah,Rima Kallingal,Contemporary party dress,Movie Thursday,Party,Medium,Emerald Green,"Silk,Chiffon","Statement jewelry,Heels",Modern party glamour,https://m.media-amazon.com/images/M/MV5BZmI3NjIzNDMtNzhjZS00NWZmLWFjNDYtN2I3N2U4OGYzOGZlXkEyXkFqcGdeQXVyMjkxNzQ1NDI@._V1_.jpg
COS033,MOV013,Michelle,Sneha,Urban chic evening wear,Movie Thursday,Evening,Hard,"Black,Gold","Satin,Silk",Designer accessories,Sophisticated urban evening look,https://m.media-amazon.com/images/M/MV5BNDg3NjIxNzM2N15BMl5BanBnXkFtZTgwMzE1NzM2MzE@._V1_.jpg
COS034,MOV014,Priyadarshini,Manju Warrier,Power dressing corporate look,Formal Wednesday,Corporate Power,Hard,"Burgundy,Black","Wool,Silk",Power accessories,Strong professional woman styling,https://m.media-amazon.com/images/M/MV5BNTUyNWJmYTMtOTgyYy00NGEzLWJlMzEtODdiY2I3YmQzN2NhXkEyXkFqcGdeQXVyMjkxNzQ1NDI@._V1_.jpg
COS035,MOV017,Gafoor,Mohanlal,90s royal vintage look,Retro Friday,Royal,Hard,"Maroon,Gold","Silk,Brocade",Traditional accessories,Regal 90s period styling,https://m.media-amazon.com/images/M/MV5BODkyNTM1NjQtNDNjMC00YzBkLWE1NjYtOGZjNGU1YjEwYWM3XkEyXkFqcGdeQXVyMjkxNzQ1NDI@._V1_.jpg
COS036,MOV018,Aadu Thoma,Mohanlal,95s rugged masculine wear,Retro Friday,Rugged,Medium,"Brown,Khaki","Cotton,Denim",Leather accessories,Strong masculine 90s styling,https://m.media-amazon.com/images/M/MV5BYjIzNzM2YWEtNDRhYS00MzI1LWE4NTMtNjMzZjU3MjU2N2Q3XkEyXkFqcGdeQXVyMjkxNzQ1NDI@._V1_.jpg
COS037,MOV019,Sherly,Aishwarya Lekshmi,90s family function outfit,Retro Friday,Family,Medium,"Floral,Light colors","Cotton,Silk",Traditional jewelry,Classic 90s family wear,https://m.media-amazon.com/images/M/MV5BMTc2NjQ4ODM5NF5BMl5BanBnXkFtZTgwNzQ1MjM3MzE@._V1_.jpg
COS038,MOV020,Pinky,Vinayakan,Quirky 90s comedy character look,Retro Friday,Comedy,Easy,Bright colors,"Cotton,Polyester",Funny accessories,Bold comedic 90s styling,https://m.media-amazon.com/images/M/MV5BZTcxNTAzODUtNGUyZS00MGNlLWE2YWUtMzE1MzE0YjU1MzBjXkEyXkFqcGdeQXVyMjkxNzQ1NDI@._V1_.jpg
COS039,MOV003,Achootty,Thilakan,80s traditional elder wear,Retro Friday,Traditional,Medium,"White,Cream",Cotton,Traditional accessories,Respectful 80s elder styling,https://m.media-amazon.com/images/M/MV5BODgyODgzNjMtYWNmOC00OTcyLWE3ODYtMTA3NzE1YTBmODE2XkEyXkFqcGdeQXVyMjkxNzQ1NDI@._V1_.jpg
COS040,MOV001,Kuttan,Dulquer Salmaan,2014 trendy casual wear,Movie Thursday,Modern Casual,Easy,"Blue,Grey","Cotton,Denim","Trendy sneakers,Watch",Contemporary youth casual styling,https://m.media-amazon.com/images/M/MV5BMjI3MzcxNzQ5Ml5BMl5BanBnXkFtZTgwMzE1NzE1NTE@._V1_.jpg
COS041,MOV002,George,Nivin Pauly,College professor casual look,Movie Thursday,Academic,Easy,"Checked shirt,Jeans",Cotton,"Glasses,Bag",Academic casual professional style,https://m.media-amazon.com/images/M/MV5BODg3MzYwMDUtYzQwZS00ZjhmLWJhYjMtNGM2OTNjOWJhNmJhXkEyXkFqcGdeQXVyMjkxNzQ1NDI@._V1_.jpg
COS042,MOV004,Paul,Lal,Restaurant owner business casual,Formal Wednesday,Business Casual,Medium,"White,Black","Cotton,Polyester","Watch,Shoes",Restaurant business owner styling,https://m.media-amazon.com/images/M/MV5BZjVkZGVmOTItMWZhMC00NTY0LTllZjYtOWRiMzdhNjRhZGM4XkEyXkFqcGdeQXVyODE5NzE3OTE@._V1_.jpg
COS043,MOV005,Majeed,Samuel Abiola Robinson,Nigerian cultural fusion wear,Movie Thursday,Cultural,Medium,"Green,White,Orange","Cotton,Traditional fabric",Cultural accessories,Nigerian-Kerala cultural fusion,https://m.media-amazon.com/images/M/MV5BYzE4MTBiMzYtNjI1NS00MzQ5LTllNzEtNDk0ZGJmMzQ2ZTBjXkEyXkFqcGdeQXVyMjkxNzQ1NDI@._V1_.jpg
COS044,MOV006,Dr. Suresh,Revathi,Senior doctor formal attire,Formal Wednesday,Senior Professional,Hard,"Navy,White","Cotton,Silk",Professional accessories,Senior medical professional styling,https://m.media-amazon.com/images/M/MV5BN2E2NDAzODEtYmI2YS00NTY4LWI4YTYtNWJmMjFjN2E1YmVjXkEyXkFqcGdeQXVyMjkxNzQ1NDI@._V1_.jpg
COS045,MOV007,Nandini,Parvathy,90s family traditional wear,Wedding Tuesday,Traditional Family,Medium,"Red,Gold","Silk,Cotton",Traditional jewelry,Classic 90s family wedding styling,https://m.media-amazon.com/images/M/MV5BMjExMzQ4NjM5NV5BMl5BanBnXkFtZTgwNjQyNTY3MzE@._V1_.jpg
COS046,MOV021,Georgekutty,Mohanlal,Middle-class family father casual wear,Movie Thursday,Family Casual,Easy,"Checked shirt,Dark pants",Cotton,"Watch,Simple shoes",Relatable middle-class dad styling,https://m.media-amazon.com/images/M/MV5BMTY3MzU0MzQ2NF5BMl5BanBnXkFtZTgwNDQ0Mjc1MzE@._V1_.jpg
COS047,MOV022,Mahesh,Fahadh Faasil,Small town photographer casual look,Movie Thursday,Creative Casual,Medium,"Light colors,Denim","Cotton,Linen","Camera,Casual bag",Village photographer professional casual,https://m.media-amazon.com/images/M/MV5BNjI1MTQxMzQtZjdkNS00YjZjLWFkNzEtNGVmODU3NTJmY2NjXkEyXkFqcGdeQXVyMjkxNzQ1NDI@._V1_.jpg
COS048,MOV023,Gopal,Jayaram,90s comedy character bright outfit,Movie Thursday,Comedy Character,Easy,Bright patterns,"Cotton,Polyester",Comedy accessories,Bold 90s comedic styling,https://m.media-amazon.com/images/M/MV5BMjExMzQ4NjM5NV5BMl5BanBnXkFtZTgwNjQyNTY3MzE@._V1_.jpg
COS049,MOV024,Prasad,Suraj Venjaramoodu,Police constable uniform,Formal Wednesday,Law Enforcement,Medium,"Khaki,Brown",Cotton blend,"Badge,Belt,Cap",Professional police officer attire,https://m.media-amazon.com/images/M/MV5BNjMxMTgzNjY5NV5BMl5BanBnXkFtZTgwMDU1MzM2MzE@._V1_.jpg
COS050,MOV025,Vincent,Antony Varghese,Youth gang casual street wear,Movie Thursday,Street Style,Medium,"Dark colors,Denim","Cotton,Leather","Chain,Cap",Urban youth gang styling,https://m.media-amazon.com/images/M/MV5BNzE1NzI2NzY2N15BMl5BanBnXkFtZTgwNDU2MzM2MzE@._V1_.jpg
COS051,MOV026,Jessy,Anna Ben,Rural village traditional dress,Wedding Tuesday,Village Traditional,Easy,Earthy tones,"Cotton,Handloom",Simple jewelry,Authentic village girl styling,https://m.media-amazon.com/images/M/MV5BNzM1MjA2MjY2N15BMl5BanBnXkFtZTgwMTU2MzM2MzE@._V1_.jpg
COS052,MOV027,Jaison,Tovino Thomas,Superhero costume design,Movie Thursday,Superhero,Hard,"Red,Yellow,Blue","Spandex,Leather","Cape,Mask,Belt",Classic superhero styling,https://m.media-amazon.com/images/M/MV5BNjE2NzM2MjY2N15BMl5BanBnXkFtZTgwMzU2MzM2MzE@._V1_.jpg
COS053,MOV028,Joji,Fahadh Faasil,Modern family business casual,Formal Wednesday,Business Family,Medium,Neutral tones,Cotton blend,"Watch,Casual shoes",Contemporary family business look,https://m.media-amazon.com/images/M/MV5BNzY1MjE2MjY2N15BMl5BanBnXkFtZTgwNzU2MzM2MzE@._V1_.jpg
COS054,MOV029,Wife,Nimisha Sajayan,Traditional housewife daily wear,Movie Thursday,Daily Traditional,Easy,"Saree,Simple colors",Cotton,Minimal jewelry,Comfortable traditional daily wear,https://m.media-amazon.com/images/M/MV5BNzk1MjI2MjY2N15BMl5BanBnXkFtZTgwODU2MzM2MzE@._V1_.jpg
COS055,MOV030,Kuttachan,Chemban Vinod Jose,Village butcher work attire,Movie Thursday,Work Wear,Medium,"White,Khaki",Cotton,"Apron,Work tools",Practical village work styling,https://m.media-amazon.com/images/M/MV5BNjY1MzA2MjY2N15BMl5BanBnXkFtZTgwMDU3MzM2MzE@._V1_.jpg
COS056,MOV031,Jimmy,Roshan Mathew,Video call sports casual wear,Sports Monday,WFH Athletic,Easy,"Casual shirt,Jeans",Cotton,"Headphones,Laptop",Contemporary work-from-home casual styling,https://m.media-amazon.com/images/M/MV5BNzU1MjE2MjY2N15BMl5BanBnXkFtZTgwNTU2MzM2MzE@._V1_.jpg
COS057,MOV032,Mani,Mammootty,Police mission tactical wear,Formal Wednesday,Tactical,Hard,Dark tactical colors,Tactical fabric,"Gear,Belt,Boots",Professional police mission attire,https://m.media-amazon.com/images/M/MV5BNzI1MjA2MjY2N15BMl5BanBnXkFtZTgwOTU2MzM2MzE@._V1_.jpg
COS058,MOV033,Bhaskara Poduval,Suraj Venjaramoodu,Elderly care casual comfort wear,Movie Thursday,Elder Care,Easy,Comfortable colors,Soft cotton,"Reading glasses,Comfortable shoes",Senior-friendly comfortable styling,https://m.media-amazon.com/images/M/MV5BNzA1MjE2MjY2N15BMl5BanBnXkFtZTgwMjU3MzM2MzE@._V1_.jpg
COS059,MOV034,Vavachan,Chemban Vinod Jose,Coastal village casual wear,Sports Monday,Coastal Casual,Easy,Light colors,"Cotton,Linen",Simple accessories,Breezy coastal village styling,https://m.media-amazon.com/images/M/MV5BNzE1MzA2MjY2N15BMl5BanBnXkFtZTgwNjU3MzM2MzE@._V1_.jpg
COS060,MOV035,Joshua,Prithviraj Sukumaran,Travel adventure casual outfit,Sports Monday,Adventure Travel,Medium,Travel-friendly colors,"Cotton,Denim","Backpack,Travel accessories",Comfortable travel adventure styling,https://m.media-amazon.com/images/M/MV5BNzM1MzE2MjY2N15BMl5BanBnXkFtZTgwOTU3MzM2MzE@._V1_.jpg
COS061,MOV021,Rani,Meena,Middle-class mother traditional wear,Wedding Tuesday,Family Traditional,Medium,Traditional saree colors,"Cotton,Silk",Traditional jewelry,Classic mother's traditional styling,https://m.media-amazon.com/images/M/MV5BMTY3MzU0MzQ2NF5BMl5BanBnXkFtZTgwNDQ0Mjc1MzE@._V1_.jpg
COS062,MOV022,Soumya,Aparna Balamurali,Village girl modern casual look,Movie Thursday,Village Modern,Easy,Contemporary casual,Cotton,Modern accessories,Village girl with modern touch,https://m.media-amazon.com/images/M/MV5BNjI1MTQxMzQtZjdkNS00YjZjLWFkNzEtNGVmODU3NTJmY2NjXkEyXkFqcGdeQXVyMjkxNzQ1NDI@._V1_.jpg
COS063,MOV024,Sreeja,Nimisha Sajayan,Police wife supportive casual wear,Movie Thursday,Supportive Casual,Easy,Modest colors,Cotton,Simple jewelry,Police family supportive styling,https://m.media-amazon.com/images/M/MV5BNjMxMTgzNjY5NV5BMl5BanBnXkFtZTgwMDU1MzM2MzE@._V1_.jpg
COS064,MOV026,Roy,Shane Nigam,Urban youth casual styling,Movie Thursday,Urban Youth,Medium,Trendy colors,"Cotton,Denim",Modern accessories,Contemporary urban youth fashion,https://m.media-amazon.com/images/M/MV5BNzM1MjA2MjY2N15BMl5BanBnXkFtZTgwMTU2MzM2MzE@._V1_.jpg
COS065,MOV027,Usha,Guru Somasundaram,Village tailor work attire,Formal Wednesday,Artisan Work,Medium,Work-appropriate colors,Cotton,"Measuring tape,Scissors",Traditional tailor professional wear,https://m.media-amazon.com/images/M/MV5BNjE2NzM2MjY2N15BMl5BanBnXkFtZTgwMzU2MzM2MzE@._V1_.jpg
COS066,MOV028,Bincy,Unnimaya Prasad,Modern family daughter casual wear,Movie Thursday,Modern Family,Easy,Youthful colors,"Cotton,Denim",Casual accessories,Contemporary family daughter styling,https://m.media-amazon.com/images/M/MV5BNzY1MjE2MjY2N15BMl5BanBnXkFtZTgwNzU2MzM2MzE@._V1_.jpg
COS067,MOV029,Husband,Suraj Venjaramoodu,Traditional family patriarch formal,Formal Wednesday,Family Patriarch,Medium,Traditional formal colors,"Cotton,Silk",Traditional accessories,Respectful family head styling,https://m.media-amazon.com/images/M/MV5BNzk1MjI2MjY2N15BMl5BanBnXkFtZTgwODU2MzM2MzE@._V1_.jpg
COS068,MOV030,Antony,Antony Varghese,Village youth casual rebellion look,Movie Thursday,Rebellious Youth,Medium,Bold colors,"Cotton,Denim",Statement accessories,Village youth rebellion styling,https://m.media-amazon.com/images/M/MV5BNjY1MzA2MjY2N15BMl5BanBnXkFtZTgwMDU3MzM2MzE@._V1_.jpg
COS069,MOV031,Anu,Darshana Rajendran,Modern professional work wear,Formal Wednesday,Modern Professional,Hard,Professional colors,Formal fabrics,Professional accessories,Contemporary working woman styling,https://m.media-amazon.com/images/M/MV5BNzU1MjE2MjY2N15BMl5BanBnXkFtZTgwNTU2MzM2MzE@._V1_.jpg
COS070,MOV032,CP,Shine Tom Chacko,Police officer tactical uniform,Formal Wednesday,Police Officer,Hard,Official khaki,Uniform fabric,"Official badges,Belt",Senior police officer formal wear,https://m.media-amazon.com/images/M/MV5BNzI1MjA2MjY2N15BMl5BanBnXkFtZTgwOTU2MzM2MzE@._V1_.jpg
COS071,MOV033,Subhash,Soubin Shahir,Tech-savvy casual modern wear,Movie Thursday,Tech Casual,Easy,Modern casual colors,Cotton blend,Tech accessories,Technology-friendly casual styling,https://m.media-amazon.com/images/M/MV5BNzA1MjE2MjY2N15BMl5BanBnXkFtZTgwMjU3MzM2MzE@._V1_.jpg
COS072,MOV034,Eeshi,Pauly Valsan,Coastal fisherman work attire,Sports Monday,Fisherman Work,Medium,Sea-appropriate colors,Durable fabric,"Work tools,Hat",Practical coastal work styling,https://m.media-amazon.com/images/M/MV5BNzE1MzA2MjY2N15BMl5BanBnXkFtZTgwNjU3MzM2MzE@._V1_.jpg
COS073,MOV035,Jenny,Parvathy Thiruvothu,Sibling bonding casual travel wear,Sports Monday,Sibling Travel,Easy,Comfortable travel colors,"Cotton,Linen",Travel accessories,Sibling adventure casual styling,https://m.media-amazon.com/images/M/MV5BNzM1MzE2MjY2N15BMl5BanBnXkFtZTgwOTU3MzM2MzE@._V1_.jpg
COS074,MOV021,Anju,Ansiba Hassan,Teenage daughter casual school wear,Movie Thursday,Teen Casual,Easy,Youthful colors,Cotton,School accessories,Teenager school casual styling,https://m.media-amazon.com/images/M/MV5BMTY3MzU0MzQ2NF5BMl5BanBnXkFtZTgwNDQ0Mjc1MzE@._V1_.jpg
COS075,MOV023,Lakshmikutty,Kalpana,90s traditional mother wear,Retro Friday,90s Traditional,Medium,Traditional 90s colors,"Cotton,Silk",90s traditional jewelry,Classic 90s mother styling,https://m.media-amazon.com/images/M/MV5BMjExMzQ4NjM5NV5BMl5BanBnXkFtZTgwNjQyNTY3MzE@._V1_.jpg
COS076,MOV025,Appani,Vineeth Vishwam,Local market vendor casual wear,Movie Thursday,Market Vendor,Easy,Work-friendly colors,Cotton,Vendor accessories,Local market vendor styling,https://m.media-amazon.com/images/M/MV5BNzE1NzI2NzY2N15BMl5BanBnXkFtZTgwNDU2MzM2MzE@._V1_.jpg
COS077,MOV027,Shibu,Aju Varghese,Village friend supportive casual look,Movie Thursday,Village Friend,Easy,Friendly casual colors,Cotton,Simple accessories,Village friendship casual styling,https://m.media-amazon.com/images/M/MV5BNjE2NzM2MjY2N15BMl5BanBnXkFtZTgwMzU2MzM2MzE@._V1_.jpg
COS078,MOV029,Mother-in-law,Rajitha,Traditional elder formal wear,Wedding Tuesday,Elder Formal,Hard,Traditional elder colors,"Silk,Cotton",Traditional elder jewelry,Respectful traditional elder styling,https://m.media-amazon.com/images/M/MV5BNzk1MjI2MjY2N15BMl5BanBnXkFtZTgwODU2MzM2MzE@._V1_.jpg
COS079,MOV031,Kevin,Fahadh Faasil,Modern apartment casual wear,Movie Thursday,Apartment Casual,Medium,Modern casual colors,Cotton blend,Modern accessories,Contemporary apartment lifestyle styling,https://m.media-amazon.com/images/M/MV5BNzU1MjE2MjY2N15BMl5BanBnXkFtZTgwNTU2MzM2MzE@._V1_.jpg
COS080,MOV033,Kunjappan,Innocent,Traditional elderly comfort wear,Retro Friday,Elderly Comfort,Easy,Comfort colors,Soft cotton,Comfort accessories,Senior-friendly traditional styling,https://m.media-amazon.com/images/M/MV5BNzA1MjE2MjY2N15BMl5BanBnXkFtZTgwMjU3MzM2MzE@._V1_.jpg
COS081,MOV036,Mathan,Tovino Thomas,Urban romantic casual wear,Movie Thursday,Romantic Casual,Medium,Contemporary colors,"Cotton,Denim",Casual romantic accessories,Modern urban romance styling,https://m.media-amazon.com/images/M/MV5BNzQ1MjA2MjY2N15BMl5BanBnXkFtZTgwMTU4MzM2MzE@._V1_.jpg
COS082,MOV037,Thamara,Anagha,Wedding planner professional outfit,Formal Wednesday,Event Planning,Medium,Professional pastels,Cotton blend,"Planning accessories,Tablet",Event management professional styling,https://m.media-amazon.com/images/M/MV5BNzI1MjE3MjY2N15BMl5BanBnXkFtZTgwNjU4MzM2MzE@._V1_.jpg
COS083,MOV038,Michael,Mammootty,Gangster patriarch formal wear,Formal Wednesday,Gangster Formal,Hard,Dark formal colors,"Wool,Silk","Gold accessories,Watch",Traditional gangster family styling,https://m.media-amazon.com/images/M/MV5BNzA1MzA2MjY2N15BMl5BanBnXkFtZTgwOTU4MzM2MzE@._V1_.jpg
COS084,MOV039,Arun,Pranav Mohanlal,College fresher casual look,Sports Monday,College Fresher,Easy,Youthful bright colors,Cotton,"College accessories,Backpack",Fresh college student styling,https://m.media-amazon.com/images/M/MV5BNzM1MzI2MjY2N15BMl5BanBnXkFtZTgwMjU5MzM2MzE@._V1_.jpg
COS085,MOV040,Wazim,Tovino Thomas,Youth action colorful outfit,Movie Thursday,Action Youth,Medium,Vibrant action colors,"Cotton,Leather",Action accessories,Bold youth action styling,https://m.media-amazon.com/images/M/MV5BNzE1MzI3MjY2N15BMl5BanBnXkFtZTgwNjU5MzM2MzE@._V1_.jpg
COS086,MOV041,Alluri,Ram Charan,1920s freedom fighter outfit,Retro Friday,Period Action,Hard,"Earth tones,Khaki","Cotton,Leather","Period accessories,Belt",British Raj resistance styling,https://m.media-amazon.com/images/M/MV5BNzQ1MzI4MjY2N15BMl5BanBnXkFtZTgwOTU5MzM2MzE@._V1_.jpg
COS087,MOV042,Aravind,Prithviraj Sukumaran,Legal professional court attire,Formal Wednesday,Legal Professional,Hard,Formal court colors,"Wool,Cotton","Legal accessories,Briefcase",Courtroom professional styling,https://m.media-amazon.com/images/M/MV5BNzI1MzI5MjY2N15BMl5BanBnXkFtZTgwMTU6MzM2MzE@._V1_.jpg
COS088,MOV043,Maniyan,Kunchacko Boban,Police survival gear outfit,Sports Monday,Survival Gear,Hard,Tactical colors,Tactical fabric,"Survival accessories,Gear",Police survival mission styling,https://m.media-amazon.com/images/M/MV5BNzA1MzI3MjY2N15BMl5BanBnXkFtZTgwNjU6MzM2MzE@._V1_.jpg
COS089,MOV044,Chandru,Suriya,90s social activist formal wear,Formal Wednesday,Social Activist,Medium,Simple formal colors,Cotton,Activist accessories,90s social justice professional styling,https://m.media-amazon.com/images/M/MV5BNzM1MzI4MjY2N15BMl5BanBnXkFtZTgwOTU6MzM2MzE@._V1_.jpg
COS090,MOV045,Sulaiman,Fahadh Faasil,Political leader evolution wear,Movie Thursday,Political Evolution,Hard,Political colors,Various fabrics,Political accessories,Multi-decade political styling,https://m.media-amazon.com/images/M/MV5BNzE1MzI5MjY2N15BMl5BanBnXkFtZTgwMTU7MzM2MzE@._V1_.jpg
COS091,MOV046,Shaji,Tovino Thomas,Rural thriller work attire,Sports Monday,Rural Thriller,Medium,Earth work colors,"Cotton,Denim",Work tools,Village working class thriller styling,https://m.media-amazon.com/images/M/MV5BNzQ1MzI6MjY2N15BMl5BanBnXkFtZTgwNjU7MzM2MzE@._V1_.jpg
COS092,MOV047,Oliver,Indrans,Family father domestic wear,Sports Monday,Domestic Father,Easy,Comfortable home colors,Cotton,Home accessories,Contemporary family father styling,https://m.media-amazon.com/images/M/MV5BNzI1MzI7MjY2N15BMl5BanBnXkFtZTgwOTU7MzM2MzE@._V1_.jpg
COS093,MOV048,Sukumara Kurup,Dulquer Salmaan,80s con artist stylish outfit,Retro Friday,80s Con Artist,Hard,80s stylish colors,"Polyester,Cotton","80s accessories,Watch",Vintage con artist styling,https://m.media-amazon.com/images/M/MV5BNzA1MzI5MjY2N15BMl5BanBnXkFtZTgwMTU8MzM2MzE@._V1_.jpg
COS094,MOV049,Velayudhan,Mammootty,Minimalist art house wear,Movie Thursday,Art House,Medium,Minimal earth tones,"Linen,Cotton",Minimal accessories,Artistic minimalist styling,https://m.media-amazon.com/images/M/MV5BNzM1MzI6MjY2N15BMl5BanBnXkFtZTgwNjU8MzM2MzE@._V1_.jpg
COS095,MOV050,Hamsa,Suraj Venjaramoodu,Working class struggle wear,Movie Thursday,Working Class,Easy,Simple work colors,Cotton,Work accessories,Social realism working styling,https://m.media-amazon.com/images/M/MV5BNzE1MzI7MjY2N15BMl5BanBnXkFtZTgwOTU8MzM2MzE@._V1_.jpg
COS096,MOV051,Rameshan,Mohanlal,Middle-class office wear,Formal Wednesday,Office Worker,Medium,Office appropriate colors,Cotton blend,Office accessories,Middle-class professional styling,https://m.media-amazon.com/images/M/MV5BNzQ1MzI8MjY2N15BMl5BanBnXkFtZTgwMTU9MzM2MzE@._V1_.jpg
COS097,MOV052,Sukumaran,Prithviraj Sukumaran,College reunion formal casual,Movie Thursday,College Reunion,Medium,Reunion appropriate colors,"Cotton,Silk",Reunion accessories,College reunion nostalgic styling,https://m.media-amazon.com/images/M/MV5BNzI1MzI9MjY2N15BMl5BanBnXkFtZTgwNjU9MzM2MzE@._V1_.jpg
COS098,MOV053,Balan,Srinivasan,Village barber work attire,Movie Thursday,Village Barber,Easy,Simple work colors,Cotton,"Barber tools,Apron",Traditional barber professional styling,https://m.media-amazon.com/images/M/MV5BNzA1MzI7MjY2N15BMl5BanBnXkFtZTgwOTU9MzM2MzE@._V1_.jpg
COS099,MOV054,Raghunandan,Mohanlal,Recovery professional casual wear,Formal Wednesday,Recovery Professional,Medium,Professional casual colors,Cotton blend,Professional accessories,Rehabilitation professional styling,https://m.media-amazon.com/images/M/MV5BNzM1MzI8MjY2N15BMl5BanBnXkFtZTgwMTVAMzM2MzE@._V1_.jpg
COS100,MOV055,Abu,Salim Kumar,Elderly village simple wear,Movie Thursday,Elderly Village,Easy,Simple village colors,Cotton,Village accessories,Simple elderly village styling,https://m.media-amazon.com/images/M/MV5BNzE1MzI9MjY2N15BMl5BanBnXkFtZTgwNjVAMzM2MzE@._V1_.jpg
COS101,MOV056,Antony Moses,Prithviraj Sukumaran,Urban police investigation wear,Formal Wednesday,Police Investigation,Hard,Police formal colors,Cotton blend,"Police accessories,Badge",Urban police detective styling,https://m.media-amazon.com/images/M/MV5BNzQ1MzJAMjY2N15BMl5BanBnXkFtZTgwOTVAMzM2MzE@._V1_.jpg
COS102,MOV057,Nirupama,Manju Warrier,Professional reinvention outfit,Formal Wednesday,Professional Reinvention,Hard,Empowering colors,Professional fabrics,Professional accessories,Women empowerment professional styling,https://m.media-amazon.com/images/M/MV5BNzI1MzJBMjY2N15BMl5BanBnXkFtZTgwMTVBMzM2MzE@._V1_.jpg
COS103,MOV058,Moideen,Prithviraj Sukumaran,60s period romantic formal wear,Retro Friday,60s Romance,Hard,60s formal colors,Vintage fabrics,"60s accessories,Watch",Classic 60s romantic styling,https://m.media-amazon.com/images/M/MV5BNzA1MzI9MjY2N15BMl5BanBnXkFtZTgwNjVBMzM2MzE@._V1_.jpg
COS104,MOV059,Biju,Nivin Pauly,Police comedy casual uniform,Sports Monday,Police Comedy,Easy,Police casual colors,Cotton blend,Police accessories,Everyday police comedy styling,https://m.media-amazon.com/images/M/MV5BNzM1MzJCMjY2N15BMl5BanBnXkFtZTgwOTVBMzM2MzE@._V1_.jpg
COS105,MOV060,Jayaraman,Mohanlal,Blind man contemporary casual wear,Movie Thursday,Blind Man Casual,Easy,Contemporary casual colors,Cotton,Accessibility accessories,Contemporary accessibility styling,https://m.media-amazon.com/images/M/MV5BNzE1MzJDMjY2N15BMl5BanBnXkFtZTgwMTVCMzM2MzE@._V1_.jpg
COS106,MOV036,Aparna,Aishwarya Lekshmi,Urban romantic feminine outfit,Wedding Tuesday,Urban Romance,Medium,Romantic feminine colors,"Silk,Chiffon",Romantic accessories,Contemporary romantic feminine styling,https://m.media-amazon.com/images/M/MV5BNzQ1MjA2MjY2N15BMl5BanBnXkFtZTgwMTU4MzM2MzE@._V1_.jpg
COS107,MOV037,Saji,Vinay Forrt,Wedding comedy character look,Movie Thursday,Wedding Comedy,Easy,Comedy character colors,Cotton,Comedy accessories,Wedding comedy character styling,https://m.media-amazon.com/images/M/MV5BNzI1MjE3MjY2N15BMl5BanBnXkFtZTgwNjU4MzM2MzE@._V1_.jpg
COS108,MOV038,Jessy,Aishwarya Lekshmi,Gangster family elegant wear,Wedding Tuesday,Gangster Family,Hard,Elegant dark colors,"Silk,Satin",Elegant accessories,Sophisticated gangster family styling,https://m.media-amazon.com/images/M/MV5BNzA1MzA2MjY2N15BMl5BanBnXkFtZTgwOTU4MzM2MzE@._V1_.jpg
COS109,MOV039,Darshana,Kalyani Priyadarshan,College romance feminine outfit,Movie Thursday,College Romance,Medium,College romantic colors,"Cotton,Chiffon",College romantic accessories,Contemporary college romance styling,https://m.media-amazon.com/images/M/MV5BNzM1MzI2MjY2N15BMl5BanBnXkFtZTgwMjU5MzM2MzE@._V1_.jpg
COS110,MOV040,Beepathu,Kalyani Priyadarshan,Action comedy female lead outfit,Movie Thursday,Action Comedy,Medium,Action comedy colors,"Cotton,Denim",Action accessories,Female action comedy styling,https://m.media-amazon.com/images/M/MV5BNzE1MzI3MjY2N15BMl5BanBnXkFtZTgwNjU5MzM2MzE@._V1_.jpg
COS111,MOV041,Sita,Alia Bhatt,1920s period female revolutionary wear,Retro Friday,Female Revolutionary,Hard,Period revolutionary colors,Period fabrics,Revolutionary accessories,1920s female freedom fighter styling,https://m.media-amazon.com/images/M/MV5BNzQ1MzI4MjY2N15BMl5BanBnXkFtZTgwOTU5MzM2MzE@._V1_.jpg
COS112,MOV042,Janaki,Mamta Mohandas,Legal professional female attire,Formal Wednesday,Female Legal,Hard,Professional legal colors,Professional fabrics,Legal accessories,Female legal professional styling,https://m.media-amazon.com/images/M/MV5BNzI1MzI5MjY2N15BMl5BanBnXkFtZTgwMTU6MzM2MzE@._V1_.jpg
COS113,MOV043,Priya,Nimisha Sajayan,Police wife support wear,Wedding Tuesday,Police Wife,Easy,Supportive colors,Cotton,Simple accessories,Police family support styling,https://m.media-amazon.com/images/M/MV5BNzA1MzI3MjY2N15BMl5BanBnXkFtZTgwNjU6MzM2MzE@._V1_.jpg
COS114,MOV044,Senggeni,Lijomol Jose,90s tribal woman traditional wear,Retro Friday,90s Tribal,Medium,Traditional tribal colors,"Handloom,Cotton",Tribal accessories,90s tribal traditional styling,https://m.media-amazon.com/images/M/MV5BNzM1MzI4MjY2N15BMl5BanBnXkFtZTgwOTU6MzM2MzE@._V1_.jpg
COS115,MOV045,Roselyn,Nimisha Sajayan,Political family evolution wear,Movie Thursday,Political Family,Medium,Political family colors,Various fabrics,Family accessories,Political family evolution styling,https://m.media-amazon.com/images/M/MV5BNzE1MzI5MjY2N15BMl5BanBnXkFtZTgwMTU7MzM2MzE@._V1_.jpg
COS116,MOV046,Sumathi,Divya Prabha,Rural woman strength wear,Movie Thursday,Rural Strength,Medium,Strong earth colors,"Cotton,Handloom",Work accessories,Rural woman strength styling,https://m.media-amazon.com/images/M/MV5BNzQ1MzI6MjY2N15BMl5BanBnXkFtZTgwNjU7MzM2MzE@._V1_.jpg
COS117,MOV047,Antony,Naslen K. Gafoor,Modern son casual wear,Movie Thursday,Modern Son,Easy,Modern casual colors,"Cotton,Denim",Modern accessories,Contemporary family son styling,https://m.media-amazon.com/images/M/MV5BNzI1MzI7MjY2N15BMl5BanBnXkFtZTgwOTU7MzM2MzE@._V1_.jpg
COS118,MOV048,Sharada,Sobhita Dhulipala,80s period elegant wear,Retro Friday,80s Elegant,Hard,80s elegant colors,80s fabrics,80s elegant accessories,Vintage 80s elegance styling,https://m.media-amazon.com/images/M/MV5BNzA1MzI5MjY2N15BMl5BanBnXkFtZTgwMTU8MzM2MzE@._V1_.jpg
COS119,MOV049,Kamala,Geethu Mohandas,Art house feminine minimalist wear,Movie Thursday,Art Minimalist,Medium,Minimal artistic colors,Natural fabrics,Minimal accessories,Artistic feminine minimalist styling,https://m.media-amazon.com/images/M/MV5BNzM1MzI6MjY2N15BMl5BanBnXkFtZTgwNjU8MzM2MzE@._V1_.jpg
COS120,MOV050,Radha,Priyanka Nair,Working class woman strength wear,Movie Thursday,Working Woman,Easy,Working colors,Cotton,Work accessories,Working class woman styling,https://m.media-amazon.com/images/M/MV5BNzE1MzI7MjY2N15BMl5BanBnXkFtZTgwOTU8MzM2MzE@._V1_.jpg
COS121,MOV051,Lekha,Meera Vasudevan,Middle-class wife supportive wear,Wedding Tuesday,Middle Class Wife,Medium,Supportive colors,"Cotton,Silk",Traditional accessories,Middle-class family wife styling,https://m.media-amazon.com/images/M/MV5BNzQ1MzI8MjY2N15BMl5BanBnXkFtZTgwMTU9MzM2MzE@._V1_.jpg
COS122,MOV052,Radhika,Kavya Madhavan,College reunion nostalgic outfit,Movie Thursday,Reunion Nostalgia,Medium,Nostalgic colors,"Cotton,Silk",Reunion accessories,College reunion feminine styling,https://m.media-amazon.com/images/M/MV5BNzI1MzI9MjY2N15BMl5BanBnXkFtZTgwNjU9MzM2MzE@._V1_.jpg
COS123,MOV053,Sreedevi,Meena,Village celebrity visit outfit,Wedding Tuesday,Village Celebrity,Medium,Celebrity appropriate colors,"Silk,Cotton",Celebrity accessories,Village celebrity visit styling,https://m.media-amazon.com/images/M/MV5BNzA1MzI7MjY2N15BMl5BanBnXkFtZTgwOTU9MzM2MzE@._V1_.jpg
COS124,MOV054,Parvathy,Kaniha,Recovery support family wear,Movie Thursday,Recovery Support,Easy,Supportive colors,Cotton,Family accessories,Recovery family support styling,https://m.media-amazon.com/images/M/MV5BNzM1MzI8MjY2N15BMl5BanBnXkFtZTgwMTVAMzM2MzE@._V1_.jpg
COS125,MOV055,Aishumma,Zarina Wahab,Elderly village woman simple wear,Movie Thursday,Elderly Woman,Easy,Simple traditional colors,Cotton,Traditional accessories,Elderly village woman styling,https://m.media-amazon.com/images/M/MV5BNzE1MzI9MjY2N15BMl5BanBnXkFtZTgwNjVAMzM2MzE@._V1_.jpg
COS126,MOV056,Farhan,Rahman,Urban police investigation support wear,Formal Wednesday,Police Support,Medium,Police support colors,Cotton blend,Police accessories,Urban police support styling,https://m.media-amazon.com/images/M/MV5BNzQ1MzJAMjY2N15BMl5BanBnXkFtZTgwOTVAMzM2MzE@._V1_.jpg
COS127,MOV057,Priya,Kaniha,Professional woman family balance wear,Formal Wednesday,Professional Mother,Hard,Balanced professional colors,Professional fabrics,Professional accessories,Working mother professional styling,https://m.media-amazon.com/images/M/MV5BNzI1MzJBMjY2N15BMl5BanBnXkFtZTgwMTVBMzM2MzE@._V1_.jpg
COS128,MOV058,Kanchanamala,Parvathy Thiruvothu,60s period traditional romance wear,Retro Friday,60s Traditional,Hard,60s traditional colors,Traditional fabrics,60s accessories,Classic 60s traditional romance styling,https://m.media-amazon.com/images/M/MV5BNzA1MzI9MjY2N15BMl5BanBnXkFtZTgwNjVBMzM2MzE@._V1_.jpg
COS129,MOV059,Advocate,Joju George,Police comedy support character wear,Movie Thursday,Comedy Support,Easy,Comedy support colors,Cotton,Comedy accessories,Police comedy support styling,https://m.media-amazon.com/images/M/MV5BNzM1MzJCMjY2N15BMl5BanBnXkFtZTgwOTVBMzM2MzE@._V1_.jpg
COS130,MOV060,Shobha,Anusree,Mystery thriller support wear,Movie Thursday,Mystery Support,Medium,Mystery appropriate colors,Cotton blend,Mystery accessories,Contemporary mystery support styling,https://m.media-amazon.com/images/M/MV5BNzE1MzJDMjY2N15BMl5BanBnXkFtZTgwMTVCMzM2MzE@._V1_.jpg
COS131,MOV031,Jimmy,Roshan Mathew,Cinematic video blogger outfit,Movie Thursday,Content Creator,Easy,Trendy casual colors,Cotton,"Video equipment,Trendy accessories",Modern content creator styling,https://m.media-amazon.com/images/M/MV5BNzU1MjE2MjY2N15BMl5BanBnXkFtZTgwNTU2MzM2MzE@._V1_.jpg
COS132,MOV061,Baahubali,Prabhas,Ancient warrior royal armor,Retro Friday,Ancient Warrior,Hard,"Gold,Bronze,Red","Leather,Metal","Armor,Crown,Sword",Epic ancient royal warrior styling,https://m.media-amazon.com/images/M/MV5BYTNlOGZhYzgtMmYwOS00ZGU4LWIxYzctYjg0MDY5MWEzNzMwXkEyXkFqcGdeQXVyODE5NzE3OTE@._V1_.jpg
COS133,MOV062,Rocky,Yash,70s gold mining action wear,Retro Friday,70s Action,Hard,"Brown,Gold,Black","Leather,Denim","Gold chains,Boots",Vintage action hero styling,https://m.media-amazon.com/images/M/MV5BYjY2ZTNiY2YtMTViYy00ZjkzLWE3ODMtNDIzMTU1MGIzNzI4XkEyXkFqcGdeQXVyMTI1NDAzMzM0._V1_.jpg
COS134,MOV063,Arjun Reddy,Vijay Deverakonda,Medical student rebellious casual,Sports Monday,Rebellious Student,Medium,"Dark colors,Denim","Cotton,Leather",Casual accessories,Urban rebellious youth styling,https://m.media-amazon.com/images/M/MV5BNTgzOTg0MzU3N15BMl5BanBnXkFtZTgwMzY4NzY2MzI@._V1_.jpg
COS135,MOV064,Vikram,R. Madhavan,Police officer investigation wear,Formal Wednesday,Police Detective,Hard,Formal colors,"Cotton,Polyester","Badge,Gun holster",Professional detective styling,https://m.media-amazon.com/images/M/MV5BNTNjNGQ1MDQtYzYwOC00YzRkLWI1MzQtMWRjMGFkMDI5MjIzXkEyXkFqcGdeQXVyMjkxNzQ1NDI@._V1_.jpg
COS136,MOV065,Ram,Vijay Sethupathi,90s school teacher casual look,Retro Friday,90s Teacher,Medium,Simple colors,Cotton,"Glasses,Books",Nostalgic teacher styling,https://m.media-amazon.com/images/M/MV5BNmQ2N2JlN2MtNzU5My00YzdiLWJhOWEtODkwM2VjZGY5YzdhXkEyXkFqcGdeQXVyMjkxNzQ1NDI@._V1_.jpg
COS137,MOV066,Shilpa,Samantha Ruth Prabhu,Urban contemporary diverse styling,Movie Thursday,Urban Contemporary,Medium,Diverse colors,Various fabrics,Modern accessories,Contemporary urban woman styling,https://m.media-amazon.com/images/M/MV5BMTYzODQ0MjE5NV5BMl5BanBnXkFtZTgwMTQ1MjI5NzM@._V1_.jpg
COS138,MOV067,Pushpa Raj,Allu Arjun,Rural smuggler action wear,Sports Monday,Rural Action,Hard,"Earthy colors,Red","Cotton,Leather",Work accessories,Forest smuggler styling,https://m.media-amazon.com/images/M/MV5BNTYzOTYzNDY4MV5BMl5BanBnXkFtZTgwNzk1MjI5NzM@._V1_.jpg
COS139,MOV068,Ram Charan,Ram Charan,1920s freedom fighter formal,Retro Friday,Freedom Fighter,Hard,"Khaki,White","Cotton,Linen",Period accessories,British Raj resistance styling,https://m.media-amazon.com/images/M/MV5BODUwNDNjYzctODUxNy00ZTA2LWIyYTEtMDc5Y2E5ZjBmNTMzXkEyXkFqcGdeQXVyODE5NzE3OTE@._V1_.jpg
COS140,MOV069,Arjun,Nani,Cricket comeback athletic wear,Sports Monday,Cricket Sports,Medium,"White,Blue",Sports fabric,Cricket gear,Professional cricket styling,https://m.media-amazon.com/images/M/MV5BNjcyYzQyMTI0NV5BMl5BanBnXkFtZTgwODk1MjI5NzM@._V1_.jpg
COS141,MOV070,Bantu,Allu Arjun,Festive family celebration outfit,Wedding Tuesday,Festival Wear,Hard,"Bright colors,Gold","Silk,Cotton",Traditional accessories,South Indian festival styling,https://m.media-amazon.com/images/M/MV5BYmU1MTdlZjYtOWNmNC00NTAyLTg5MzMtNmUxNjQ1OTUxNzlkXkEyXkFqcGdeQXVyMTE0NzQwNjk1._V1_.jpg
COS142,MOV071,JD,Vijay,Professor action hero look,Movie Thursday,Professor Action,Hard,Casual formal,"Cotton,Denim","Glasses,Action accessories",Academic action hero styling,https://m.media-amazon.com/images/M/MV5BOWVhM2VhOGYtNDZmYy00NGQ3LTlhYTctZGFmMmRiNGNjMjdkXkEyXkFqcGdeQXVyMjkxNzQ1NDI@._V1_.jpg
COS143,MOV072,Dilli,Karthi,Prison break tactical wear,Sports Monday,Tactical Action,Hard,Dark tactical colors,Tactical fabric,Action gear,Police tactical styling,https://m.media-amazon.com/images/M/MV5BNTg1NDY3NjUyNV5BMl5BanBnXkFtZTgwNjAxMjI5NzM@._V1_.jpg
COS144,MOV073,Sivasamy,Dhanush,Rural farmer traditional wear,Sports Monday,Rural Traditional,Medium,Earth tones,"Cotton,Handloom",Traditional accessories,Village farmer styling,https://m.media-amazon.com/images/M/MV5BZjA1YThhYTctNzZkMC00MTM0LTg2MDctM2I2YzEzODQ5NTFkXkEyXkFqcGdeQXVyMjkxNzQ1NDI@._V1_.jpg
COS145,MOV074,Nedumaaran,Suriya,Aviation entrepreneur business wear,Formal Wednesday,Entrepreneur,Hard,Business colors,Formal fabrics,Business accessories,Aviation professional styling,https://m.media-amazon.com/images/M/MV5BODMzNzYxMDgtNGVhNy00YWQ2LWIwYjMtZTg0OGNhODI5NWM3XkEyXkFqcGdeQXVyMTA3MDk2NDg2._V1_.jpg
COS146,MOV075,Karnan,Dhanush,Village protest leader outfit,Sports Monday,Protest Leader,Medium,Bold colors,"Cotton,Handloom",Traditional accessories,Rural protest styling,https://m.media-amazon.com/images/M/MV5BZjQ3ZjViYWUtODEyMy00NmFjLWI5MzEtOGU2MTFiZGIyMWJjXkEyXkFqcGdeQXVyMTAyMjQ3NzQ1._V1_.jpg
COS147,MOV076,Tony Stark,Robert Downey Jr.,Superhero tech billionaire suit,Formal Wednesday,Tech Billionaire,Hard,"Black,Red,Gold",High-tech fabric,Tech accessories,Modern superhero styling,https://m.media-amazon.com/images/M/MV5BNDYxNjQyMjAtNTdiOS00NGYwLWFmNTAtNThmYjU5ZGI2YTI1XkEyXkFqcGdeQXVyMTMxODk2OTU@._V1_.jpg
COS148,MOV077,T'Challa,Chadwick Boseman,Afrofuturist royal superhero outfit,Movie Thursday,Afrofuturist,Hard,"Black,Purple,Gold",Advanced fabric,Royal accessories,African royal superhero styling,https://m.media-amazon.com/images/M/MV5BMTg1MTY2MjYzNV5BMl5BanBnXkFtZTgwMTc4NTMwNDI@._V1_.jpg
COS149,MOV078,Diana Prince,Gal Gadot,WWI Amazonian warrior outfit,Retro Friday,WWI Warrior,Hard,"Gold,Brown,Blue","Leather,Metal","Armor,Shield,Sword",Amazonian warrior styling,https://m.media-amazon.com/images/M/MV5BMTYzODQzYjQtNTczNC00MzZhLTg1ZWYtZDUxYmQ3ZTY4NzA1XkEyXkFqcGdeQXVyODE5NzE3OTE@._V1_.jpg
COS150,MOV079,Mia,Emma Stone,Vintage Hollywood actress dress,Movie Thursday,Hollywood Vintage,Hard,Bright colors,"Silk,Chiffon",Vintage accessories,Classic Hollywood styling,https://m.media-amazon.com/images/M/MV5BMzUzNDM2NzM2MV5BMl5BanBnXkFtZTgwNTM3NTg4OTE@._V1_.jpg
COS151,MOV080,Daisy,Carey Mulligan,1920s Art Deco party dress,Retro Friday,20s Party,Hard,"Gold,Silver,Pastels","Silk,Beads",Art Deco jewelry,Roaring 20s party styling,https://m.media-amazon.com/images/M/MV5BMTkxNTk1ODcxNl5BMl5BanBnXkFtZTcwMDI1OTMzOQ@@._V1_.jpg
COS152,MOV081,Emily,Lily Collins,Parisian chic professional outfit,Formal Wednesday,Parisian Chic,Hard,Fashion colors,Designer fabrics,Designer accessories,French fashion professional styling,https://m.media-amazon.com/images/M/MV5BM2Q5YjM3ZmYtNDk2Yi00NDNmLWE5YzEtY2NiMGZkZjAzOTUxXkEyXkFqcGdeQXVyMTM1NjM2ODU1._V1_.jpg
COS153,MOV082,Daphne,Phoebe Dynevor,Regency period ballgown,Wedding Tuesday,Regency Ball,Hard,Pastel colors,"Silk,Lace",Period jewelry,British aristocracy styling,https://m.media-amazon.com/images/M/MV5BN2FmMjM1OTEtOWQ0YS00MzYwLWE2YmItZGMzZTZlMjFkYWJhXkEyXkFqcGdeQXVyMjkxNzQ1NDI@._V1_.jpg
COS154,MOV083,Queen Elizabeth,Claire Foy,Royal formal ceremonial wear,Formal Wednesday,Royal Formal,Hard,Royal colors,"Silk,Velvet","Crown,Royal accessories",British royal styling,https://m.media-amazon.com/images/M/MV5BZmY0MzBlNjMtZTc0OC00ZGUyLTk5ZTMtNjgxNjg5Nzk5ZTVhXkEyXkFqcGdeQXVyMzQ2MDI5NjU@._V1_.jpg
COS155,MOV084,Rue,Zendaya,Gen Z trendy colorful outfit,Movie Thursday,Gen Z Fashion,Medium,Bold neon colors,Various trendy fabrics,Statement accessories,Contemporary teen styling,https://m.media-amazon.com/images/M/MV5BNzQ0NzUzNjYyOV5BMl5BanBnXkFtZTgwMDcwNTAwODE@._V1_.jpg
COS156,MOV085,Eleven,Millie Bobby Brown,80s teenager casual outfit,Retro Friday,80s Teen,Easy,80s colors,"Cotton,Denim",80s accessories,Nostalgic 80s teen styling,https://m.media-amazon.com/images/M/MV5BN2ZmYjg1YmItNWQ4OC00YWM0LWE0ZDktYThjOTZiZjhhN2Q2XkEyXkFqcGdeQXVyNjgxNTQ3Mjk@._V1_.jpg
COS157,MOV086,Carrie,Sarah Jessica Parker,NYC fashion columnist outfit,Movie Thursday,Fashion Columnist,Hard,Fashion colors,Designer fabrics,Designer accessories,NYC fashion professional styling,https://m.media-amazon.com/images/M/MV5BNGUyYWI3NmQtMGJkZC00NGNhLWE0NWEtZTVlYjkzNDk0NGQ1XkEyXkFqcGdeQXVyNTA4NzY1MzY@._V1_.jpg
COS158,MOV087,Rachel,Jennifer Aniston,90s casual coffee shop look,Movie Thursday,90s Casual,Easy,90s colors,"Cotton,Denim",90s accessories,Relaxed 90s casual styling,https://m.media-amazon.com/images/M/MV5BNDVkYjU0MzctMWRmZi00NTkxLTgwZWEtOWVhYjZlYjllYmU4XkEyXkFqcGdeQXVyNTA4NzY1MzY@._V1_.jpg
COS159,MOV088,Blair,Leighton Meester,Prep school luxury outfit,Formal Wednesday,Prep School,Hard,Luxury colors,Designer fabrics,Luxury accessories,Upper East Side prep styling,https://m.media-amazon.com/images/M/MV5BMTQ5OTY1ODY0NF5BMl5BanBnXkFtZTcwNzA3OTc5Mg@@._V1_.jpg
COS160,MOV089,Joan,Christina Hendricks,60s secretary professional wear,Formal Wednesday,60s Secretary,Hard,60s professional colors,60s fabrics,60s accessories,Madison Avenue professional styling,https://m.media-amazon.com/images/M/MV5BNTcyNzQ3OTI5NV5BMl5BanBnXkFtZTcwNjU3NjQ5Nw@@._V1_.jpg
COS161,MOV090,Miranda,Meryl Streep,Fashion editor power dressing,Formal Wednesday,Fashion Editor,Hard,Power colors,Designer fabrics,Luxury accessories,Fashion industry power styling,https://m.media-amazon.com/images/M/MV5BYjQ0NzAzYmUtODEzMS00ZGE5LWI1NGEtOTUwZDNjZGJjOTU5XkEyXkFqcGdeQXVyMTMxODk2OTU@._V1_.jpg
COS162,MOV061,Sivagami,Ramya Krishnan,Ancient queen royal attire,Wedding Tuesday,Ancient Queen,Hard,"Royal colors,Gold","Silk,Brocade","Royal jewelry,Crown",Ancient royal queen styling,https://m.media-amazon.com/images/M/MV5BYTNlOGZhYzgtMmYwOS00ZGU4LWIxYzctYjg0MDY5MWEzNzMwXkEyXkFqcGdeQXVyODE5NzE3OTE@._V1_.jpg
COS163,MOV062,Reena,Srinidhi Shetty,70s period elegant dress,Retro Friday,70s Elegant,Medium,70s elegant colors,"Silk,Cotton",70s jewelry,Vintage 70s elegance styling,https://m.media-amazon.com/images/M/MV5BYjY2ZTNiY2YtMTViYy00ZjkzLWE3ODMtNDIzMTU1MGIzNzI4XkEyXkFqcGdeQXVyMTI1NDAzMzM0._V1_.jpg
COS164,MOV063,Preethi,Shalini Pandey,Medical student casual wear,Movie Thursday,Med Student,Easy,Casual colors,Cotton,Study accessories,Medical student casual styling,https://m.media-amazon.com/images/M/MV5BNTgzOTg0MzU3N15BMl5BanBnXkFtZTgwMzY4NzY2MzI@._V1_.jpg
COS165,MOV064,Priya,Shraddha Srinath,Urban professional woman outfit,Formal Wednesday,Urban Professional,Medium,Professional colors,"Cotton,Silk",Professional accessories,Contemporary working woman styling,https://m.media-amazon.com/images/M/MV5BNTNjNGQ1MDQtYzYwOC00YzRkLWI1MzQtMWRjMGFkMDI5MjIzXkEyXkFqcGdeQXVyMjkxNzQ1NDI@._V1_.jpg
COS166,MOV065,Jaanu,Trisha Krishnan,90s to 2010s evolution outfit,Movie Thursday,Time Evolution,Hard,Nostalgic to modern colors,Various fabrics,Evolution accessories,Cross-decade styling evolution,https://m.media-amazon.com/images/M/MV5BNmQ2N2JlN2MtNzU5My00YzdiLWJhOWEtODkwM2VjZGY5YzdhXkEyXkFqcGdeQXVyMjkxNzQ1NDI@._V1_.jpg
COS167,MOV066,Vaembu,Samantha Ruth Prabhu,Urban housewife casual wear,Movie Thursday,Urban Housewife,Easy,Comfortable colors,Cotton,Home accessories,Contemporary housewife styling,https://m.media-amazon.com/images/M/MV5BMTYzODQ0MjE5NV5BMl5BanBnXkFtZTgwMTQ1MjI5NzM@._V1_.jpg
COS168,MOV067,Srivalli,Rashmika Mandanna,Rural traditional village dress,Wedding Tuesday,Rural Traditional,Medium,Traditional colors,"Cotton,Handloom",Traditional jewelry,Village traditional styling,https://m.media-amazon.com/images/M/MV5BNTYzOTYzNDY4MV5BMl5BanBnXkFtZTgwNzk1MjI5NzM@._V1_.jpg
COS169,MOV068,Sita,Alia Bhatt,1920s revolutionary period dress,Retro Friday,Revolutionary,Hard,Period colors,Period fabrics,Revolutionary accessories,Female freedom fighter styling,https://m.media-amazon.com/images/M/MV5BODUwNDNjYzctODUxNy00ZTA2LWIyYTEtMDc5Y2E5ZjBmNTMzXkEyXkFqcGdeQXVyODE5NzE3OTE@._V1_.jpg
COS170,MOV069,Vidya,Shraddha Srinath,Supportive wife cricket family wear,Wedding Tuesday,Sports Family,Medium,Supportive colors,"Cotton,Silk",Family accessories,Cricket family support styling,https://m.media-amazon.com/images/M/MV5BNjcyYzQyMTI0NV5BMl5BanBnXkFtZTgwODk1MjI5NzM@._V1_.jpg
COS171,MOV070,Pooja,Pooja Hegde,Festival celebration traditional outfit,Wedding Tuesday,Festival Traditional,Hard,"Festival colors,Gold","Silk,Brocade",Festival jewelry,South Indian festival styling,https://m.media-amazon.com/images/M/MV5BYmU1MTdlZjYtOWNmNC00NTAyLTg5MzMtNmUxNjQ1OTUxNzlkXkEyXkFqcGdeQXVyMTE0NzQwNjk1._V1_.jpg
COS172,MOV071,Charulatha,Malavika Mohanan,Urban college professor outfit,Formal Wednesday,College Professor,Medium,Professional casual colors,"Cotton,Silk",Academic accessories,Contemporary female professor styling,https://m.media-amazon.com/images/M/MV5BOWVhM2VhOGYtNDZmYy00NGQ3LTlhYTctZGFmMmRiNGNjMjdkXkEyXkFqcGdeQXVyMjkxNzQ1NDI@._V1_.jpg
COS173,MOV072,Thamarai,Narain,Police support tactical gear,Formal Wednesday,Police Support,Hard,Tactical colors,Tactical fabric,Police gear,Police tactical support styling,https://m.media-amazon.com/images/M/MV5BNTg1NDY3NjUyNV5BMl5BanBnXkFtZTgwNjAxMjI5NzM@._V1_.jpg
COS174,MOV073,Pachaiyammal,Manju Warrier,Rural mother traditional strength wear,Movie Thursday,Rural Mother,Medium,Traditional colors,"Cotton,Handloom",Traditional accessories,Rural mother strength styling,https://m.media-amazon.com/images/M/MV5BZjA1YThhYTctNzZkMC00MTM0LTg2MDctM2I2YzEzODQ5NTFkXkEyXkFqcGdeQXVyMjkxNzQ1NDI@._V1_.jpg
COS175,MOV074,Bommi,Aparna Balamurali,Aviation support professional wear,Formal Wednesday,Aviation Support,Medium,Professional colors,Cotton blend,Professional accessories,Aviation industry support styling,https://m.media-amazon.com/images/M/MV5BODMzNzYxMDgtNGVhNy00YWQ2LWIwYjMtZTg0OGNhODI5NWM3XkEyXkFqcGdeQXVyMTA3MDk2NDg2._V1_.jpg
COS176,MOV075,Draupadi,Rajisha Vijayan,Village activist strength outfit,Movie Thursday,Village Activist,Medium,Strong colors,"Cotton,Handloom",Activist accessories,Rural female activist styling,https://m.media-amazon.com/images/M/MV5BZjQ3ZjViYWUtODEyMy00NmFjLWI5MzEtOGU2MTFiZGIyMWJjXkEyXkFqcGdeQXVyMTAyMjQ3NzQ1._V1_.jpg
COS177,MOV076,Black Widow,Scarlett Johansson,Superhero spy tactical outfit,Sports Monday,Superhero Spy,Hard,"Black,Red",High-tech fabric,Spy accessories,Female superhero spy styling,https://m.media-amazon.com/images/M/MV5BNDYxNjQyMjAtNTdiOS00NGYwLWFmNTAtNThmYjU5ZGI2YTI1XkEyXkFqcGdeQXVyMTMxODk2OTU@._V1_.jpg
COS178,MOV077,Shuri,Letitia Wright,Afrofuturist tech princess outfit,Movie Thursday,Tech Princess,Hard,"Purple,Black,Gold",High-tech fabric,Tech accessories,African tech princess styling,https://m.media-amazon.com/images/M/MV5BMTg1MTY2MjYzNV5BMl5BanBnXkFtZTgwMTc4NTMwNDI@._V1_.jpg
COS179,MOV078,Steve Trevor,Chris Pine,WWI military officer uniform,Formal Wednesday,Military Officer,Hard,Military colors,Military fabric,Military accessories,WWI military professional styling,https://m.media-amazon.com/images/M/MV5BMTYzODQzYjQtNTczNC00MzZhLTg1ZWYtZDUxYmQ3ZTY4NzA1XkEyXkFqcGdeQXVyODE5NzE3OTE@._V1_.jpg
COS180,MOV079,Sebastian,Ryan Gosling,Jazz musician vintage outfit,Movie Thursday,Jazz Musician,Medium,Vintage colors,Vintage fabrics,Musical accessories,Jazz era musician styling,https://m.media-amazon.com/images/M/MV5BMzUzNDM2NzM2MV5BMl5BanBnXkFtZTgwNTM3NTg4OTE@._V1_.jpg
COS181,MOV080,Jay Gatsby,Leonardo DiCaprio,1920s millionaire party suit,Retro Friday,20s Millionaire,Hard,Luxury 20s colors,Premium fabrics,Luxury accessories,Roaring 20s wealth styling,https://m.media-amazon.com/images/M/MV5BMTkxNTk1ODcxNl5BMl5BanBnXkFtZTcwMDI1OTMzOQ@@._V1_.jpg
COS182,MOV081,Gabriel,Lucas Bravo,Parisian chef casual outfit,Movie Thursday,Parisian Chef,Easy,Chef colors,Cotton,Chef accessories,French chef casual styling,https://m.media-amazon.com/images/M/MV5BM2Q5YjM3ZmYtNDk2Yi00NDNmLWE5YzEtY2NiMGZkZjAzOTUxXkEyXkFqcGdeQXVyMTM1NjM2ODU1._V1_.jpg
COS183,MOV082,Anthony,Jonathan Bailey,Regency gentleman formal wear,Formal Wednesday,Regency Gentleman,Hard,Regency colors,Period fabrics,Period accessories,British Regency formal styling,https://m.media-amazon.com/images/M/MV5BN2FmMjM1OTEtOWQ0YS00MzYwLWE2YmItZGMzZTZlMjFkYWJhXkEyXkFqcGdeQXVyMjkxNzQ1NDI@._V1_.jpg
COS184,MOV083,Prince Philip,Matt Smith,Royal consort formal attire,Formal Wednesday,Royal Consort,Hard,Royal formal colors,Formal fabrics,Royal accessories,British royal consort styling,https://m.media-amazon.com/images/M/MV5BZmY0MzBlNjMtZTc0OC00ZGUyLTk5ZTMtNjgxNjg5Nzk5ZTVhXkEyXkFqcGdeQXVyMzQ2MDI5NjU@._V1_.jpg
COS185,MOV084,Jules,Hunter Schafer,Gen Z avant-garde fashion,Movie Thursday,Avant-garde,Hard,Bold artistic colors,Experimental fabrics,Artistic accessories,Contemporary avant-garde styling,https://m.media-amazon.com/images/M/MV5BNzQ0NzUzNjYyOV5BMl5BanBnXkFtZTgwMDcwNTAwODE@._V1_.jpg
COS186,MOV085,Steve,Joe Keery,80s high school casual outfit,Movie Thursday,80s High School,Easy,80s casual colors,"Cotton,Denim",80s accessories,Nostalgic 80s teen styling,https://m.media-amazon.com/images/M/MV5BN2ZmYjg1YmItNWQ4OC00YWM0LWE0ZDktYThjOTZiZjhhN2Q2XkEyXkFqcGdeQXVyNjgxNTQ3Mjk@._V1_.jpg
COS187,MOV086,Charlotte,Kristin Davis,NYC professional conservative outfit,Formal Wednesday,NYC Conservative,Medium,Conservative colors,Professional fabrics,Professional accessories,NYC professional conservative styling,https://m.media-amazon.com/images/M/MV5BNGUyYWI3NmQtMGJkZC00NGNhLWE0NWEtZTVlYjkzNDk0NGQ1XkEyXkFqcGdeQXVyNTA4NzY1MzY@._V1_.jpg
COS188,MOV087,Monica,Courteney Cox,90s chef restaurant casual wear,Movie Thursday,90s Chef,Easy,90s chef colors,Cotton,Chef accessories,90s restaurant chef styling,https://m.media-amazon.com/images/M/MV5BNDVkYjU0MzctMWRmZi00NTkxLTgwZWEtOWVhYjZlYjllYmU4XkEyXkFqcGdeQXVyNTA4NzY1MzY@._V1_.jpg
COS189,MOV088,Serena,Blake Lively,Upper East Side luxury party dress,Movie Thursday,Luxury Party,Hard,Luxury colors,Designer fabrics,Luxury accessories,High society party styling,https://m.media-amazon.com/images/M/MV5BMTQ5OTY1ODY0NF5BMl5BanBnXkFtZTcwNzA3OTc5Mg@@._V1_.jpg
COS190,MOV089,Peggy,Elisabeth Moss,60s advertising professional wear,Formal Wednesday,60s Advertising,Hard,60s professional colors,60s fabrics,60s professional accessories,Madison Avenue advertising styling,https://m.media-amazon.com/images/M/MV5BNTcyNzQ3OTI5NV5BMl5BanBnXkFtZTcwNjU3NjQ5Nw@@._V1_.jpg
COS191,MOV090,Andy,Anne Hathaway,Fashion assistant evolution outfit,Movie Thursday,Fashion Assistant,Medium,Fashion evolution colors,Various fabrics,Fashion accessories,Fashion industry transformation styling,https://m.media-amazon.com/images/M/MV5BYjQ0NzAzYmUtODEzMS00ZGE5LWI1NGEtOTUwZDNjZGJjOTU5XkEyXkFqcGdeQXVyMTMxODk2OTU@._V1_.jpg
COS192,MOV071,Bhavani,Arjun Das,Gangster professor tactical look,Sports Monday,Gangster Professor,Hard,Dark colors,"Leather,Cotton",Tactical accessories,Academic gangster styling,https://m.media-amazon.com/images/M/MV5BOWVhM2VhOGYtNDZmYy00NGQ3LTlhYTctZGFmMmRiNGNjMjdkXkEyXkFqcGdeQXVyMjkxNzQ1NDI@._V1_.jpg
COS193,MOV072,Napoleon,George Maryan,Police commissioner formal wear,Formal Wednesday,Police Commissioner,Hard,Official colors,Formal fabric,Official accessories,Senior police official styling,https://m.media-amazon.com/images/M/MV5BNTg1NDY3NjUyNV5BMl5BanBnXkFtZTgwNjAxMjI5NzM@._V1_.jpg
COS194,MOV073,Murugan,Teejay Arunasalam,Rural youth strength outfit,Sports Monday,Rural Youth,Medium,Youth colors,Cotton,Youth accessories,Rural young man styling,https://m.media-amazon.com/images/M/MV5BZjA1YThhYTctNzZkMC00MTM0LTg2MDctM2I2YzEzODQ5NTFkXkEyXkFqcGdeQXVyMjkxNzQ1NDI@._V1_.jpg
COS195,MOV074,Chaitanya,Mohan Babu,Aviation industry elder wear,Formal Wednesday,Aviation Elder,Medium,Dignified colors,"Cotton,Silk",Elder accessories,Aviation industry elder styling,https://m.media-amazon.com/images/M/MV5BODMzNzYxMDgtNGVhNy00YWQ2LWIwYjMtZTg0OGNhODI5NWM3XkEyXkFqcGdeQXVyMTA3MDk2NDg2._V1_.jpg
COS196,MOV075,Yeman,Natarajan Subramaniam,Village elder traditional wear,Wedding Tuesday,Village Elder,Medium,Traditional elder colors,"Cotton,Silk",Traditional accessories,Village elder formal styling,https://m.media-amazon.com/images/M/MV5BZjQ3ZjViYWUtODEyMy00NmFjLWI5MzEtOGU2MTFiZGIyMWJjXkEyXkFqcGdeQXVyMTAyMjQ3NzQ1._V1_.jpg
COS197,MOV076,Captain America,Chris Evans,Superhero patriotic tactical wear,Sports Monday,Patriotic Hero,Hard,"Red,White,Blue",High-tech fabric,"Shield,Tactical gear",Patriotic superhero styling,https://m.media-amazon.com/images/M/MV5BNDYxNjQyMjAtNTdiOS00NGYwLWFmNTAtNThmYjU5ZGI2YTI1XkEyXkFqcGdeQXVyMTMxODk2OTU@._V1_.jpg
COS198,MOV077,Okoye,Danai Gurira,Wakandan warrior general outfit,Sports Monday,Warrior General,Hard,"Red,Gold,Black",Warrior fabric,Warrior accessories,African warrior general styling,https://m.media-amazon.com/images/M/MV5BMTg1MTY2MjYzNV5BMl5BanBnXkFtZTgwMTc4NTMwNDI@._V1_.jpg
COS199,MOV078,Hippolyta,Connie Nielsen,Amazonian queen royal armor,Wedding Tuesday,Amazonian Queen,Hard,Royal armor colors,"Metal,Leather","Royal armor,Crown",Amazonian royal styling,https://m.media-amazon.com/images/M/MV5BMTYzODQzYjQtNTczNC00MzZhLTg1ZWYtZDUxYmQ3ZTY4NzA1XkEyXkFqcGdeQXVyODE5NzE3OTE@._V1_.jpg
COS200,MOV079,Keith,John Legend,Jazz club owner elegant outfit,Movie Thursday,Jazz Club Owner,Hard,Elegant colors,Elegant fabrics,Elegant accessories,Jazz club sophistication styling,https://m.media-amazon.com/images/M/MV5BMzUzNDM2NzM2MV5BMl5BanBnXkFtZTgwNTM3NTg4OTE@._V1_.jpg
