id,title,year,director,genre,era,description,poster_url
MOV001,Bangalore Days,2014,Anjali Menon,"Comedy,Romance",2010s,"Modern youth romance with contemporary fashion",https://m.media-amazon.com/images/M/MV5BMjI3MzcxNzQ5Ml5BMl5BanBnXkFtZTgwMzE1NzE1NTE@._V1_.jpg
MOV002,Premam,2015,Alphonse Puthren,"Romance,Comedy",2010s,"Coming of age story with diverse styling across eras",https://m.media-amazon.com/images/M/MV5BODg3MzYwMDUtYzQwZS00ZjhmLWJhYjMtNGM2OTNjOWJhNmJhXkEyXkFqcGdeQXVyMjkxNzQ1NDI@._V1_.jpg
MOV003,Kireedam,1989,Sibi Malayil,Drama,1980s,"Iconic 80s styling and traditional Kerala fashion",https://m.media-amazon.com/images/M/MV5BODgyODgzNjMtYWNmOC00OTcyLWE3ODYtMTA3NzE1YTBmODE2XkEyXkFqcGdeQXVyMjkxNzQ1NDI@._V1_.jpg
MOV004,Helen,2019,Mathukutty Xavier,Thriller,2010s,"Contemporary urban fashion and restaurant styling",https://m.media-amazon.com/images/M/MV5BZjVkZGVmOTItMWZhMC00NTY0LTllZjYtOWRiMzdhNjRhZGM4XkEyXkFqcGdeQXVyODE5NzE3OTE@._V1_.jpg
MOV005,Sudani from Nigeria,2018,Zakariya Mohammed,Drama,2010s,"Soccer-inspired casual wear and sports fashion",https://m.media-amazon.com/images/M/MV5BYzE4MTBiMzYtNjI1NS00MzQ5LTllNzEtNDk0ZGJmMzQ2ZTBjXkEyXkFqcGdeQXVyMjkxNzQ1NDI@._V1_.jpg
MOV006,Virus,2019,Aashiq Abu,Thriller,2010s,"Professional medical attire and formal wear",https://m.media-amazon.com/images/M/MV5BN2E2NDAzODEtYmI2YS00NTY4LWI4YTYtNWJmMjFjN2E1YmVjXkEyXkFqcGdeQXVyMjkxNzQ1NDI@._V1_.jpg
MOV007,Kumbakonam Gopals,1998,Hariharan,Comedy,1990s,"Classic comedy with vintage 90s fashion",https://m.media-amazon.com/images/M/MV5BMjExMzQ4NjM5NV5BMl5BanBnXkFtZTgwNjQyNTY3MzE@._V1_.jpg
MOV008,Manichithrathazhu,1993,Fazil,"Horror,Drama",1990s,"1990s traditional and modern mix styling",https://m.media-amazon.com/images/M/MV5BMTc2MTU3MDgyOF5BMl5BanBnXkFtZTgwNjg1NzY3MzE@._V1_.jpg
MOV009,Ustad Hotel,2012,Anwar Rasheed,Drama,2010s,"Artistic and creative chef/restaurant styling",https://m.media-amazon.com/images/M/MV5BMzAwNDQwMTk3N15BMl5BanBnXkFtZTgwMDc0MzM2MzE@._V1_.jpg
MOV010,Charlie,2015,Martin Prakkat,Drama,2010s,"Bohemian and artistic travel styling",https://m.media-amazon.com/images/M/MV5BMTg3NjI3MDY4N15BMl5BanBnXkFtZTgwNDU1MzY3MzE@._V1_.jpg
MOV011,Queen,2018,Dijo Jose Antony,Comedy,2010s,"Contemporary bridal fashion and family wear",https://m.media-amazon.com/images/M/MV5BZmI3NjIzNDMtNzhjZS00NWZmLWFjNDYtN2I3N2U4OGYzOGZlXkEyXkFqcGdeQXVyMjkxNzQ1NDI@._V1_.jpg
MOV012,Take Off,2017,Mahesh Narayanan,Thriller,2010s,"Professional nurse and diplomatic wear",https://m.media-amazon.com/images/M/MV5BOGNlNTFhYjMtZTc3OS00ZjZjLWFjMjQtMDA2ZGRkZjZjOWY2XkEyXkFqcGdeQXVyMjkxNzQ1NDI@._V1_.jpg
MOV013,The Great Father,2017,Haneef Adeni,Thriller,2010s,"Corporate business and police formal wear",https://m.media-amazon.com/images/M/MV5BNDg3NjIxNzM2N15BMl5BanBnXkFtZTgwMzE1NzM2MzE@._V1_.jpg
MOV014,Lucifer,2019,Prithviraj Sukumaran,Thriller,2010s,"Political power dressing and formal attire",https://m.media-amazon.com/images/M/MV5BNTUyNWJmYTMtOTgyYy00NGEzLWJlMzEtODdiY2I3YmQzN2NhXkEyXkFqcGdeQXVyMjkxNzQ1NDI@._V1_.jpg
MOV015,Captain,2018,Prajesh Sen,Sports,2010s,"Cricket and sports team uniforms",https://m.media-amazon.com/images/M/MV5BNzBkNGM4NDItNzY5YS00OTIzLWE4MzUtODZlNzBjNmJmMzMxXkEyXkFqcGdeQXVyMjkxNzQ1NDI@._V1_.jpg
MOV016,Finals,2019,P R Arun,Sports,2010s,"College basketball and athletic wear",https://m.media-amazon.com/images/M/MV5BNjI2NTMzMjQtYTc2YS00ZjE3LWE3OTAtYzg5YzE3N2Y4M2Y4XkEyXkFqcGdeQXVyMjkxNzQ1NDI@._V1_.jpg
MOV017,His Highness Abdullah,1990,Sibi Malayil,Comedy,1990s,"Royal vintage looks and traditional formal wear",https://m.media-amazon.com/images/M/MV5BODkyNTM1NjQtNDNjMC00YzBkLWE1NjYtOGZjNGU1YjEwYWM3XkEyXkFqcGdeQXVyMjkxNzQ1NDI@._V1_.jpg
MOV018,Spadikam,1995,Bhadran,Action,1990s,"Rugged vintage masculinity and working-class wear",https://m.media-amazon.com/images/M/MV5BYjIzNzM2YWEtNDRhYS00MzI1LWE4NTMtNjMzZjU3MjU2N2Q3XkEyXkFqcGdeQXVyMjkxNzQ1NDI@._V1_.jpg
MOV019,Jacobinte Swargarajyam,2016,Vineeth Sreenivasan,Drama,2010s,"Family wedding and traditional occasion wear",https://m.media-amazon.com/images/M/MV5BMTc2NjQ4ODM5NF5BMl5BanBnXkFtZTgwNzQ1MjM3MzE@._V1_.jpg
MOV020,Aadu,2015,Midhun Manuel Thomas,Comedy,2010s,"Adventure outdoor and quirky casual wear",https://m.media-amazon.com/images/M/MV5BZTcxNTAzODUtNGUyZS00MGNlLWE2YWUtMzE1MzE0YjU1MzBjXkEyXkFqcGdeQXVyMjkxNzQ1NDI@._V1_.jpg
MOV021,Drishyam,2013,Jeethu Joseph,Thriller,2010s,"Middle-class family styling and professional wear",https://m.media-amazon.com/images/M/MV5BMTY3MzU0MzQ2NF5BMl5BanBnXkFtZTgwNDQ0Mjc1MzE@._V1_.jpg
MOV022,Maheshinte Prathikaaram,2016,Dileesh Pothan,Drama,2010s,"Small town photographer and village casual wear",https://m.media-amazon.com/images/M/MV5BNjI1MTQxMzQtZjdkNS00YjZjLWFkNzEtNGVmODU3NTJmY2NjXkEyXkFqcGdeQXVyMjkxNzQ1NDI@._V1_.jpg
MOV023,Kumbakonam Gopals,1998,Hariharan,Comedy,1990s,"Classic 90s comedy styling and family wear",https://m.media-amazon.com/images/M/MV5BMjExMzQ4NjM5NV5BMl5BanBnXkFtZTgwNjQyNTY3MzE@._V1_.jpg
MOV024,Thondimuthalum Driksakshiyum,2017,Dileesh Pothan,Drama,2010s,"Police procedural and contemporary casual wear",https://m.media-amazon.com/images/M/MV5BNjMxMTgzNjY5NV5BMl5BanBnXkFtZTgwMDU1MzM2MzE@._V1_.jpg
MOV025,Angamaly Diaries,2017,Lijo Jose Pellissery,Action,2010s,"Youth gang styling and local market wear",https://m.media-amazon.com/images/M/MV5BNzE1NzI2NzY2N15BMl5BanBnXkFtZTgwNDU2MzM2MzE@._V1_.jpg
MOV026,Kappela,2020,Muhammad Musthafa,Drama,2020s,"Rural village and modern urban contrast styling",https://m.media-amazon.com/images/M/MV5BNzM1MjA2MjY2N15BMl5BanBnXkFtZTgwMTU2MzM2MzE@._V1_.jpg
MOV027,Minnal Murali,2021,Basil Joseph,Superhero,2020s,"Superhero costume and village tailor styling",https://m.media-amazon.com/images/M/MV5BNjE2NzM2MjY2N15BMl5BanBnXkFtZTgwMzU2MzM2MzE@._V1_.jpg
MOV028,Joji,2021,Dileesh Pothan,Drama,2020s,"Contemporary family dysfunction and business casual",https://m.media-amazon.com/images/M/MV5BNzY1MjE2MjY2N15BMl5BanBnXkFtZTgwNzU2MzM2MzE@._V1_.jpg
MOV029,The Great Indian Kitchen,2021,Jeo Baby,Drama,2020s,"Traditional family wear and modern kitchen styling",https://m.media-amazon.com/images/M/MV5BNzk1MjI2MjY2N15BMl5BanBnXkFtZTgwODU2MzM2MzE@._V1_.jpg
MOV030,Jallikattu,2019,Lijo Jose Pellissery,Thriller,2010s,"Village chaos and traditional Kerala rural wear",https://m.media-amazon.com/images/M/MV5BNjY1MzA2MjY2N15BMl5BanBnXkFtZTgwMDU3MzM2MzE@._V1_.jpg
MOV031,C U Soon,2020,Mahesh Narayanan,Thriller,2020s,"Video call era styling and apartment casual wear",https://m.media-amazon.com/images/M/MV5BNzU1MjE2MjY2N15BMl5BanBnXkFtZTgwNTU2MzM2MzE@._V1_.jpg
MOV032,Unda,2019,Khalid Rahman,Action,2010s,"Police action wear and Chhattisgarh mission styling",https://m.media-amazon.com/images/M/MV5BNzI1MjA2MjY2N15BMl5BanBnXkFtZTgwOTU2MzM2MzE@._V1_.jpg
MOV033,Android Kunjappan,2019,Ratheesh Balakrishnan Poduval,Comedy,2010s,"Elderly care and modern technology casual wear",https://m.media-amazon.com/images/M/MV5BNzA1MjE2MjY2N15BMl5BanBnXkFtZTgwMjU3MzM2MzE@._V1_.jpg
MOV034,Ee.Ma.Yau,2018,Lijo Jose Pellissery,Comedy,2010s,"Funeral comedy and coastal village styling",https://m.media-amazon.com/images/M/MV5BNzE1MzA2MjY2N15BMl5BanBnXkFtZTgwNjU3MzM2MzE@._V1_.jpg
MOV035,Koode,2018,Anjali Menon,Drama,2010s,"Sibling bonding and travel adventure styling",https://m.media-amazon.com/images/M/MV5BNzM1MzE2MjY2N15BMl5BanBnXkFtZTgwOTU3MzM2MzE@._V1_.jpg
MOV036,Mayaanadhi,2017,Aashiq Abu,Romance,2010s,"Urban romance and contemporary fashion",https://m.media-amazon.com/images/M/MV5BNzQ1MjA2MjY2N15BMl5BanBnXkFtZTgwMTU4MzM2MzE@._V1_.jpg
MOV037,Thinkalazhcha Nishchayam,2021,Senna Hegde,Comedy,2020s,"Wedding planning and family comedy styling",https://m.media-amazon.com/images/M/MV5BNzI1MjE3MjY2N15BMl5BanBnXkFtZTgwNjU4MzM2MzE@._V1_.jpg
MOV038,Bheeshma Parvam,2022,Amal Neerad,Action,2020s,"Gangster family and traditional power styling",https://m.media-amazon.com/images/M/MV5BNzA1MzA2MjY2N15BMl5BanBnXkFtZTgwOTU4MzM2MzE@._V1_.jpg
MOV039,Hridayam,2022,Vineeth Sreenivasan,Romance,2020s,"College to career journey fashion evolution",https://m.media-amazon.com/images/M/MV5BNzM1MzI2MjY2N15BMl5BanBnXkFtZTgwMjU5MzM2MzE@._V1_.jpg
MOV040,Thallumaala,2022,Khalid Rahman,Action,2020s,"Youth action and colorful contemporary styling",https://m.media-amazon.com/images/M/MV5BNzE1MzI3MjY2N15BMl5BanBnXkFtZTgwNjU5MzM2MzE@._V1_.jpg
MOV041,RRR (Malayalam),2022,S.S. Rajamouli,Action,1920s,"Period action and British Raj era styling",https://m.media-amazon.com/images/M/MV5BNzQ1MzI4MjY2N15BMl5BanBnXkFtZTgwOTU5MzM2MzE@._V1_.jpg
MOV042,Jana Gana Mana,2022,Dijo Jose Antony,Thriller,2020s,"Legal thriller and court room formal wear",https://m.media-amazon.com/images/M/MV5BNzI1MzI5MjY2N15BMl5BanBnXkFtZTgwMTU6MzM2MzE@._V1_.jpg
MOV043,Nayattu,2021,Martin Prakkat,Thriller,2020s,"Police thriller and survival gear styling",https://m.media-amazon.com/images/M/MV5BNzA1MzI3MjY2N15BMl5BanBnXkFtZTgwNjU6MzM2MzE@._V1_.jpg
MOV044,Jai Bhim (Malayalam),2021,T.J. Gnanavel,Drama,1990s,"Social justice and 90s legal professional wear",https://m.media-amazon.com/images/M/MV5BNzM1MzI4MjY2N15BMl5BanBnXkFtZTgwOTU6MzM2MzE@._V1_.jpg
MOV045,Malik,2021,Mahesh Narayanan,Drama,Multiple,"Political spanning decades and cultural evolution",https://m.media-amazon.com/images/M/MV5BNzE1MzI5MjY2N15BMl5BanBnXkFtZTgwMTU7MzM2MzE@._V1_.jpg
MOV046,Kala,2021,Rohith V.S.,Thriller,2020s,"Rural thriller and village working class wear",https://m.media-amazon.com/images/M/MV5BNzQ1MzI6MjY2N15BMl5BanBnXkFtZTgwNjU7MzM2MzE@._V1_.jpg
MOV047,Home,2021,Rojin Thomas,Drama,2020s,"Family drama and domestic contemporary styling",https://m.media-amazon.com/images/M/MV5BNzI1MzI7MjY2N15BMl5BanBnXkFtZTgwOTU7MzM2MzE@._V1_.jpg
MOV048,Kurup,2021,Srinath Rajendran,Crime,1980s,"80s period crime and vintage fashion",https://m.media-amazon.com/images/M/MV5BNzA1MzI5MjY2N15BMl5BanBnXkFtZTgwMTU8MzM2MzE@._V1_.jpg
MOV049,Shantham,2000,Jayaraj,Drama,2000s,"Art house and minimalist styling",https://m.media-amazon.com/images/M/MV5BNzM1MzI6MjY2N15BMl5BanBnXkFtZTgwNjU8MzM2MzE@._V1_.jpg
MOV050,Perariyathavar,2014,Dr. Biju,Drama,2010s,"Social realism and working class wear",https://m.media-amazon.com/images/M/MV5BNzE1MzI7MjY2N15BMl5BanBnXkFtZTgwOTU8MzM2MzE@._V1_.jpg
MOV051,Thanmathra,2005,Blessy,Drama,2000s,"Middle-class family and medical condition styling",https://m.media-amazon.com/images/M/MV5BNzQ1MzI8MjY2N15BMl5BanBnXkFtZTgwMTU9MzM2MzE@._V1_.jpg
MOV052,Classmates,2006,Lal Jose,Drama,2000s,"College reunion and nostalgia fashion",https://m.media-amazon.com/images/M/MV5BNzI1MzI9MjY2N15BMl5BanBnXkFtZTgwNjU9MzM2MzE@._V1_.jpg
MOV053,Kadha Parayumbol,2007,M. Mohanan,Comedy,2000s,"Village barber and celebrity visit styling",https://m.media-amazon.com/images/M/MV5BNzA1MzI7MjY2N15BMl5BanBnXkFtZTgwOTU9MzM2MzE@._V1_.jpg
MOV054,Spirit,2012,Ranjith,Drama,2010s,"Alcoholism recovery and professional rehabilitation",https://m.media-amazon.com/images/M/MV5BNzM1MzI8MjY2N15BMl5BanBnXkFtZTgwMTVAMzM2MzE@._V1_.jpg
MOV055,Adaminte Makan Abu,2011,Salim Ahamed,Drama,2010s,"Elderly couple and simple village life styling",https://m.media-amazon.com/images/M/MV5BNzE1MzI9MjY2N15BMl5BanBnXkFtZTgwNjVAMzM2MzE@._V1_.jpg
MOV056,Mumbai Police,2013,Rosshan Andrrews,Thriller,2010s,"Urban police investigation and city styling",https://m.media-amazon.com/images/M/MV5BNzQ1MzJAMjY2N15BMl5BanBnXkFtZTgwOTVAMzM2MzE@._V1_.jpg
MOV057,How Old Are You,2014,Rosshan Andrrews,Drama,2010s,"Women empowerment and professional reinvention",https://m.media-amazon.com/images/M/MV5BNzI1MzJBMjY2N15BMl5BanBnXkFtZTgwMTVBMzM2MzE@._V1_.jpg
MOV058,Ennu Ninte Moideen,2015,R.S. Vimal,Romance,1960s,"60s period romance and traditional Kerala styling",https://m.media-amazon.com/images/M/MV5BNzA1MzI9MjY2N15BMl5BanBnXkFtZTgwNjVBMzM2MzE@._V1_.jpg
MOV059,Action Hero Biju,2016,Abrid Shine,Comedy,2010s,"Police comedy and everyday cop styling",https://m.media-amazon.com/images/M/MV5BNzM1MzJCMjY2N15BMl5BanBnXkFtZTgwOTVBMzM2MzE@._V1_.jpg
MOV060,Oppam,2016,Priyadarshan,Thriller,2010s,"Blind man mystery and contemporary casual wear",https://m.media-amazon.com/images/M/MV5BNzE1MzJDMjY2N15BMl5BanBnXkFtZTgwMTVCMzM2MzE@._V1_.jpg
MOV061,Baahubali,2015,S.S. Rajamouli,"Action,Historical",Ancient,"Epic period costumes and royal ancient wear",https://m.media-amazon.com/images/M/MV5BYTNlOGZhYzgtMmYwOS00ZGU4LWIxYzctYjg0MDY5MWEzNzMwXkEyXkFqcGdeQXVyODE5NzE3OTE@._V1_.jpg
MOV062,KGF,2018,Prashanth Neel,Action,1970s,"70s period action and gold mining era styling",https://m.media-amazon.com/images/M/MV5BYjY2ZTNiY2YtMTViYy00ZjkzLWE3ODMtNDIzMTU1MGIzNzI4XkEyXkFqcGdeQXVyMTI1NDAzMzM0._V1_.jpg
MOV063,Arjun Reddy,2017,Sandeep Reddy Vanga,Drama,2010s,"Medical student rebellious and urban youth styling",https://m.media-amazon.com/images/M/MV5BNTgzOTg0MzU3N15BMl5BanBnXkFtZTgwMzY4NzY2MzI@._V1_.jpg
MOV064,Vikram Vedha,2017,Pushkar-Gayathri,Thriller,2010s,"Police thriller and gangster contemporary styling",https://m.media-amazon.com/images/M/MV5BNTNjNGQ1MDQtYzYwOC00YzRkLWI1MzQtMWRjMGFkMDI5MjIzXkEyXkFqcGdeQXVyMjkxNzQ1NDI@._V1_.jpg
MOV065,96,2018,C. Prem Kumar,Romance,1990s-2010s,"90s school nostalgia and contemporary styling",https://m.media-amazon.com/images/M/MV5BNmQ2N2JlN2MtNzU5My00YzdiLWJhOWEtODkwM2VjZGY5YzdhXkEyXkFqcGdeQXVyMjkxNzQ1NDI@._V1_.jpg
MOV066,Super Deluxe,2019,Thiagarajan Kumararaja,Drama,2010s,"Urban contemporary and diverse character styling",https://m.media-amazon.com/images/M/MV5BMTYzODQ0MjE5NV5BMl5BanBnXkFtZTgwMTQ1MjI5NzM@._V1_.jpg
MOV067,Pushpa,2021,Sukumar,Action,2010s,"Rural smuggler and forest action styling",https://m.media-amazon.com/images/M/MV5BNTYzOTYzNDY4MV5BMl5BanBnXkFtZTgwNzk1MjI5NzM@._V1_.jpg
MOV068,RRR,2022,S.S. Rajamouli,"Action,Historical",1920s,"British Raj revolutionary period styling",https://m.media-amazon.com/images/M/MV5BODUwNDNjYzctODUxNy00ZTA2LWIyYTEtMDc5Y2E5ZjBmNTMzXkEyXkFqcGdeQXVyODE5NzE3OTE@._V1_.jpg
MOV069,Jersey,2019,Gowtam Tinnanuri,Sports,2010s,"Cricket sports and middle-aged comeback styling",https://m.media-amazon.com/images/M/MV5BNjcyYzQyMTI0NV5BMl5BanBnXkFtZTgwODk1MjI5NzM@._V1_.jpg
MOV070,Ala Vaikunthapurramuloo,2020,Trivikram Srinivas,Drama,2010s,"Family drama and contemporary festive styling",https://m.media-amazon.com/images/M/MV5BYmU1MTdlZjYtOWNmNC00NTAyLTg5MzMtNmUxNjQ1OTUxNzlkXkEyXkFqcGdeQXVyMTE0NzQwNjk1._V1_.jpg
MOV071,Master,2021,Lokesh Kanagaraj,Action,2010s,"Professor action and youth gang styling",https://m.media-amazon.com/images/M/MV5BOWVhM2VhOGYtNDZmYy00NGQ3LTlhYTctZGFmMmRiNGNjMjdkXkEyXkFqcGdeQXVyMjkxNzQ1NDI@._V1_.jpg
MOV072,Kaithi,2019,Lokesh Kanagaraj,Action,2010s,"Prison break action and police tactical styling",https://m.media-amazon.com/images/M/MV5BNTg1NDY3NjUyNV5BMl5BanBnXkFtZTgwNjAxMjI5NzM@._V1_.jpg
MOV073,Asuran,2019,Vetrimaaran,Drama,2010s,"Rural caste conflict and village styling",https://m.media-amazon.com/images/M/MV5BZjA1YThhYTctNzZkMC00MTM0LTg2MDctM2I2YzEzODQ5NTFkXkEyXkFqcGdeQXVyMjkxNzQ1NDI@._V1_.jpg
MOV074,Soorarai Pottru,2020,Sudha Kongara,Biography,2010s,"Aviation entrepreneur and business styling",https://m.media-amazon.com/images/M/MV5BODMzNzYxMDgtNGVhNy00YWQ2LWIwYjMtZTg0OGNhODI5NWM3XkEyXkFqcGdeQXVyMTA3MDk2NDg2._V1_.jpg
MOV075,Karnan,2021,Mari Selvaraj,Drama,2010s,"Rural protest and traditional village styling",https://m.media-amazon.com/images/M/MV5BZjQ3ZjViYWUtODEyMy00NmFjLWI5MzEtOGU2MTFiZGIyMWJjXkEyXkFqcGdeQXVyMTAyMjQ3NzQ1._V1_.jpg
MOV076,The Avengers,2012,Joss Whedon,"Action,Superhero",2010s,"Superhero team and modern action styling",https://m.media-amazon.com/images/M/MV5BNDYxNjQyMjAtNTdiOS00NGYwLWFmNTAtNThmYjU5ZGI2YTI1XkEyXkFqcGdeQXVyMTMxODk2OTU@._V1_.jpg
MOV077,Black Panther,2018,Ryan Coogler,"Action,Superhero",2010s,"Afrofuturism and royal African styling",https://m.media-amazon.com/images/M/MV5BMTg1MTY2MjYzNV5BMl5BanBnXkFtZTgwMTc4NTMwNDI@._V1_.jpg
MOV078,Wonder Woman,2017,Patty Jenkins,"Action,Superhero",WWI Era,"WWI period and Amazonian warrior styling",https://m.media-amazon.com/images/M/MV5BMTYzODQzYjQtNTczNC00MzZhLTg1ZWYtZDUxYmQ3ZTY4NzA1XkEyXkFqcGdeQXVyODE5NzE3OTE@._V1_.jpg
MOV079,La La Land,2016,Damien Chazelle,Musical,2010s,"Vintage Hollywood and contemporary romance styling",https://m.media-amazon.com/images/M/MV5BMzUzNDM2NzM2MV5BMl5BanBnXkFtZTgwNTM3NTg4OTE@._V1_.jpg
MOV080,The Great Gatsby,2013,Baz Luhrmann,Drama,1920s,"Roaring 20s fashion and Art Deco styling",https://m.media-amazon.com/images/M/MV5BMTkxNTk1ODcxNl5BMl5BanBnXkFtZTcwMDI1OTMzOQ@@._V1_.jpg
MOV081,Emily in Paris TV,2020,Darren Star,Comedy,2020s,"Parisian fashion and social media styling",https://m.media-amazon.com/images/M/MV5BM2Q5YjM3ZmYtNDk2Yi00NDNmLWE5YzEtY2NiMGZkZjAzOTUxXkEyXkFqcGdeQXVyMTM1NjM2ODU1._V1_.jpg
MOV082,Bridgerton TV,2020,Chris Van Dusen,Period Drama,Regency Era,"Regency period and British aristocracy styling",https://m.media-amazon.com/images/M/MV5BN2FmMjM1OTEtOWQ0YS00MzYwLWE2YmItZGMzZTZlMjFkYWJhXkEyXkFqcGdeQXVyMjkxNzQ1NDI@._V1_.jpg
MOV083,The Crown TV,2016,Peter Morgan,Biography,1940s-1990s,"British royal fashion across decades",https://m.media-amazon.com/images/M/MV5BZmY0MzBlNjMtZTc0OC00ZGUyLTk5ZTMtNjgxNjg5Nzk5ZTVhXkEyXkFqcGdeQXVyMzQ2MDI5NjU@._V1_.jpg
MOV084,Euphoria TV,2019,Sam Levinson,Drama,2020s,"Gen Z fashion and contemporary teen styling",https://m.media-amazon.com/images/M/MV5BNzQ0NzUzNjYyOV5BMl5BanBnXkFtZTgwMDcwNTAwODE@._V1_.jpg
MOV085,Stranger Things TV,2016,The Duffer Brothers,Sci-Fi,1980s,"80s nostalgia and retro teenager styling",https://m.media-amazon.com/images/M/MV5BN2ZmYjg1YmItNWQ4OC00YWM0LWE0ZDktYThjOTZiZjhhN2Q2XkEyXkFqcGdeQXVyNjgxNTQ3Mjk@._V1_.jpg
MOV086,Sex and the City TV,1998,Darren Star,Comedy,1990s-2000s,"NYC fashion and professional woman styling",https://m.media-amazon.com/images/M/MV5BNGUyYWI3NmQtMGJkZC00NGNhLWE0NWEtZTVlYjkzNDk0NGQ1XkEyXkFqcGdeQXVyNTA4NzY1MzY@._V1_.jpg
MOV087,Friends TV,1994,David Crane,Comedy,1990s-2000s,"90s casual and NYC young adult styling",https://m.media-amazon.com/images/M/MV5BNDVkYjU0MzctMWRmZi00NTkxLTgwZWEtOWVhYjZlYjllYmU4XkEyXkFqcGdeQXVyNTA4NzY1MzY@._V1_.jpg
MOV088,Gossip Girl TV,2007,Josh Schwartz,Teen Drama,2000s,"Upper East Side luxury and prep school styling",https://m.media-amazon.com/images/M/MV5BMTQ5OTY1ODY0NF5BMl5BanBnXkFtZTcwNzA3OTc5Mg@@._V1_.jpg
MOV089,Mad Men TV,2007,Matthew Weiner,Period Drama,1960s,"Madison Avenue and 60s professional styling",https://m.media-amazon.com/images/M/MV5BNTcyNzQ3OTI5NV5BMl5BanBnXkFtZTcwNjU3NjQ5Nw@@._V1_.jpg
MOV090,The Devil Wears Prada,2006,David Frankel,Comedy,2000s,"Fashion industry and haute couture styling",https://m.media-amazon.com/images/M/MV5BYjQ0NzAzYmUtODEzMS00ZGE5LWI1NGEtOTUwZDNjZGJjOTU5XkEyXkFqcGdeQXVyMTMxODk2OTU@._V1_.jpg